,ticker,datePurchased,quantity,costBasis,totalCost,date,stockclosevalue,tickername_x,splitdate,stocksplits,tickername_y,nextsplitdate,cumQuantity
0,AAPL,2021-01-01,0.0,0.0,0.0,,,,,,,,
1,AAPL,2021-01-02,0.0,0.0,0.0,,,,,,,,
2,AAPL,2021-01-03,0.0,0.0,0.0,,,,,,,,
3,AAPL,2021-01-04,0.0,0.0,0.0,2021-01-04,129.41000366210938,AAPL,,,,,
4,AAPL,2021-01-05,0.0,0.0,0.0,2021-01-05,131.00999450683594,AAPL,,,,,
5,AAPL,2021-01-06,0.0,0.0,0.0,2021-01-06,126.5999984741211,AAPL,,,,,
6,AAPL,2021-01-07,0.0,0.0,0.0,2021-01-07,130.9199981689453,AAPL,,,,,
7,AAPL,2021-01-08,0.0,0.0,0.0,2021-01-08,132.0500030517578,AAPL,,,,,
8,AAPL,2021-01-09,0.0,0.0,0.0,,,,,,,,
9,AAPL,2021-01-10,0.0,0.0,0.0,,,,,,,,
10,AAPL,2021-01-11,0.0,0.0,0.0,2021-01-11,128.97999572753906,AAPL,,,,,
11,AAPL,2021-01-12,0.0,0.0,0.0,2021-01-12,128.8000030517578,AAPL,,,,,
12,AAPL,2021-01-13,0.0,0.0,0.0,2021-01-13,130.88999938964844,AAPL,,,,,
13,AAPL,2021-01-14,0.0,0.0,0.0,2021-01-14,128.91000366210938,AAPL,,,,,
14,AAPL,2021-01-15,0.0,0.0,0.0,2021-01-15,127.13999938964844,AAPL,,,,,
15,AAPL,2021-01-16,0.0,0.0,0.0,,,,,,,,
16,AAPL,2021-01-17,0.0,0.0,0.0,,,,,,,,
17,AAPL,2021-01-18,0.0,0.0,0.0,,,,,,,,
18,AAPL,2021-01-19,0.0,0.0,0.0,2021-01-19,127.83000183105469,AAPL,,,,,
19,AAPL,2021-01-20,0.0,0.0,0.0,2021-01-20,132.02999877929688,AAPL,,,,,
20,AAPL,2021-01-21,0.0,0.0,0.0,2021-01-21,136.8699951171875,AAPL,,,,,
21,AAPL,2021-01-22,0.0,0.0,0.0,2021-01-22,139.07000732421875,AAPL,,,,,
22,AAPL,2021-01-23,0.0,0.0,0.0,,,,,,,,
23,AAPL,2021-01-24,0.0,0.0,0.0,,,,,,,,
24,AAPL,2021-01-25,0.0,0.0,0.0,2021-01-25,142.9199981689453,AAPL,,,,,
25,AAPL,2021-01-26,0.0,0.0,0.0,2021-01-26,143.16000366210938,AAPL,,,,,
26,AAPL,2021-01-27,0.0,0.0,0.0,2021-01-27,142.05999755859375,AAPL,,,,,
27,AAPL,2021-01-28,0.0,0.0,0.0,2021-01-28,137.08999633789062,AAPL,,,,,
28,AAPL,2021-01-29,0.0,0.0,0.0,2021-01-29,131.9600067138672,AAPL,,,,,
29,AAPL,2021-01-30,0.0,0.0,0.0,,,,,,,,
30,AAPL,2021-01-31,0.0,0.0,0.0,,,,,,,,
31,AAPL,2021-02-01,0.0,0.0,0.0,2021-02-01,134.13999938964844,AAPL,,,,,
32,AAPL,2021-02-02,0.0,0.0,0.0,2021-02-02,134.99000549316406,AAPL,,,,,
33,AAPL,2021-02-03,0.0,0.0,0.0,2021-02-03,133.94000244140625,AAPL,,,,,
34,AAPL,2021-02-04,0.0,0.0,0.0,2021-02-04,137.38999938964844,AAPL,,,,,
35,AAPL,2021-02-05,0.0,0.0,0.0,2021-02-05,136.75999450683594,AAPL,,,,,
36,AAPL,2021-02-06,0.0,0.0,0.0,,,,,,,,
37,AAPL,2021-02-07,0.0,0.0,0.0,,,,,,,,
38,AAPL,2021-02-08,0.0,0.0,0.0,2021-02-08,136.91000366210938,AAPL,,,,,
39,AAPL,2021-02-09,0.0,0.0,0.0,2021-02-09,136.00999450683594,AAPL,,,,,
40,AAPL,2021-02-10,0.0,0.0,0.0,2021-02-10,135.38999938964844,AAPL,,,,,
41,AAPL,2021-02-11,0.0,0.0,0.0,2021-02-11,135.1300048828125,AAPL,,,,,
42,AAPL,2021-02-12,0.0,0.0,0.0,2021-02-12,135.3699951171875,AAPL,,,,,
43,AAPL,2021-02-13,0.0,0.0,0.0,,,,,,,,
44,AAPL,2021-02-14,0.0,0.0,0.0,,,,,,,,
45,AAPL,2021-02-15,0.0,0.0,0.0,,,,,,,,
46,AAPL,2021-02-16,0.0,0.0,0.0,2021-02-16,133.19000244140625,AAPL,,,,,
47,AAPL,2021-02-17,0.0,0.0,0.0,2021-02-17,130.83999633789062,AAPL,,,,,
48,AAPL,2021-02-18,0.0,0.0,0.0,2021-02-18,129.7100067138672,AAPL,,,,,
49,AAPL,2021-02-19,0.0,0.0,0.0,2021-02-19,129.8699951171875,AAPL,,,,,
50,AAPL,2021-02-20,0.0,0.0,0.0,,,,,,,,
51,AAPL,2021-02-21,0.0,0.0,0.0,,,,,,,,
52,AAPL,2021-02-22,0.0,0.0,0.0,2021-02-22,126.0,AAPL,,,,,
53,AAPL,2021-02-23,0.0,0.0,0.0,2021-02-23,125.86000061035156,AAPL,,,,,
54,AAPL,2021-02-24,0.0,0.0,0.0,2021-02-24,125.3499984741211,AAPL,,,,,
55,AAPL,2021-02-25,0.0,0.0,0.0,2021-02-25,120.98999786376953,AAPL,,,,,
56,AAPL,2021-02-26,0.0,0.0,0.0,2021-02-26,121.26000213623047,AAPL,,,,,
57,AAPL,2021-02-27,0.0,0.0,0.0,,,,,,,,
58,AAPL,2021-02-28,0.0,0.0,0.0,,,,,,,,
59,AAPL,2021-03-01,0.0,0.0,0.0,2021-03-01,127.79000091552734,AAPL,,,,,
60,AAPL,2021-03-02,0.0,0.0,0.0,2021-03-02,125.12000274658203,AAPL,,,,,
61,AAPL,2021-03-03,0.0,0.0,0.0,2021-03-03,122.05999755859375,AAPL,,,,,
62,AAPL,2021-03-04,0.0,0.0,0.0,2021-03-04,120.12999725341797,AAPL,,,,,
63,AAPL,2021-03-05,0.0,0.0,0.0,2021-03-05,121.41999816894531,AAPL,,,,,
64,AAPL,2021-03-06,0.0,0.0,0.0,,,,,,,,
65,AAPL,2021-03-07,0.0,0.0,0.0,,,,,,,,
66,AAPL,2021-03-08,0.0,0.0,0.0,2021-03-08,116.36000061035156,AAPL,,,,,
67,AAPL,2021-03-09,0.0,0.0,0.0,2021-03-09,121.08999633789062,AAPL,,,,,
68,AAPL,2021-03-10,0.0,0.0,0.0,2021-03-10,119.9800033569336,AAPL,,,,,
69,AAPL,2021-03-11,0.0,0.0,0.0,2021-03-11,121.95999908447266,AAPL,,,,,
70,AAPL,2021-03-12,0.0,0.0,0.0,2021-03-12,121.02999877929688,AAPL,,,,,
71,AAPL,2021-03-13,0.0,0.0,0.0,,,,,,,,
72,AAPL,2021-03-14,0.0,0.0,0.0,,,,,,,,
73,AAPL,2021-03-15,0.0,0.0,0.0,2021-03-15,123.98999786376953,AAPL,,,,,
74,AAPL,2021-03-16,0.0,0.0,0.0,2021-03-16,125.56999969482422,AAPL,,,,,
75,AAPL,2021-03-17,0.0,0.0,0.0,2021-03-17,124.76000213623047,AAPL,,,,,
76,AAPL,2021-03-18,0.0,0.0,0.0,2021-03-18,120.52999877929688,AAPL,,,,,
77,AAPL,2021-03-19,0.0,0.0,0.0,2021-03-19,119.98999786376953,AAPL,,,,,
78,AAPL,2021-03-20,0.0,0.0,0.0,,,,,,,,
79,AAPL,2021-03-21,0.0,0.0,0.0,,,,,,,,
80,AAPL,2021-03-22,0.0,0.0,0.0,2021-03-22,123.38999938964844,AAPL,,,,,
81,AAPL,2021-03-23,0.0,0.0,0.0,2021-03-23,122.54000091552734,AAPL,,,,,
82,AAPL,2021-03-24,0.0,0.0,0.0,2021-03-24,120.08999633789062,AAPL,,,,,
83,AAPL,2021-03-25,0.0,0.0,0.0,2021-03-25,120.58999633789062,AAPL,,,,,
84,AAPL,2021-03-26,0.0,0.0,0.0,2021-03-26,121.20999908447266,AAPL,,,,,
85,AAPL,2021-03-27,0.0,0.0,0.0,,,,,,,,
86,AAPL,2021-03-28,0.0,0.0,0.0,,,,,,,,
87,AAPL,2021-03-29,0.0,0.0,0.0,2021-03-29,121.38999938964844,AAPL,,,,,
88,AAPL,2021-03-30,12.3,189.23,2327.529,2021-03-30,119.9000015258789,AAPL,,,,,
89,AAPL,2021-03-30,0.0,0.0,0.0,2021-03-30,119.9000015258789,AAPL,,,,,
90,AAPL,2021-03-31,0.0,0.0,0.0,2021-03-31,122.1500015258789,AAPL,,,,,
91,AAPL,2021-04-01,0.0,0.0,0.0,2021-04-01,123.0,AAPL,,,,,
92,AAPL,2021-04-02,0.0,0.0,0.0,,,,,,,,
93,AAPL,2021-04-03,0.0,0.0,0.0,,,,,,,,
94,AAPL,2021-04-04,0.0,0.0,0.0,,,,,,,,
95,AAPL,2021-04-05,0.0,0.0,0.0,2021-04-05,125.9000015258789,AAPL,,,,,
96,AAPL,2021-04-06,0.0,0.0,0.0,2021-04-06,126.20999908447266,AAPL,,,,,
97,AAPL,2021-04-07,0.0,0.0,0.0,2021-04-07,127.9000015258789,AAPL,,,,,
98,AAPL,2021-04-08,0.0,0.0,0.0,2021-04-08,130.36000061035156,AAPL,,,,,
99,AAPL,2021-04-09,0.0,0.0,0.0,2021-04-09,133.0,AAPL,,,,,
100,AAPL,2021-04-10,0.0,0.0,0.0,,,,,,,,
101,AAPL,2021-04-11,0.0,0.0,0.0,,,,,,,,
102,AAPL,2021-04-12,0.0,0.0,0.0,2021-04-12,131.24000549316406,AAPL,,,,,
103,AAPL,2021-04-13,0.0,0.0,0.0,2021-04-13,134.42999267578125,AAPL,,,,,
104,AAPL,2021-04-14,0.0,0.0,0.0,2021-04-14,132.02999877929688,AAPL,,,,,
105,AAPL,2021-04-15,0.0,0.0,0.0,2021-04-15,134.5,AAPL,,,,,
106,AAPL,2021-04-16,0.0,0.0,0.0,2021-04-16,134.16000366210938,AAPL,,,,,
107,AAPL,2021-04-17,0.0,0.0,0.0,,,,,,,,
108,AAPL,2021-04-18,0.0,0.0,0.0,,,,,,,,
109,AAPL,2021-04-19,0.0,0.0,0.0,2021-04-19,134.83999633789062,AAPL,,,,,
110,AAPL,2021-04-20,0.0,0.0,0.0,2021-04-20,133.11000061035156,AAPL,,,,,
111,AAPL,2021-04-21,0.0,0.0,0.0,2021-04-21,133.5,AAPL,,,,,
112,AAPL,2021-04-22,0.0,0.0,0.0,2021-04-22,131.94000244140625,AAPL,,,,,
113,AAPL,2021-04-23,0.0,0.0,0.0,2021-04-23,134.32000732421875,AAPL,,,,,
114,AAPL,2021-04-24,0.0,0.0,0.0,,,,,,,,
115,AAPL,2021-04-25,0.0,0.0,0.0,,,,,,,,
116,AAPL,2021-04-26,0.0,0.0,0.0,2021-04-26,134.72000122070312,AAPL,,,,,
117,AAPL,2021-04-27,0.0,0.0,0.0,2021-04-27,134.38999938964844,AAPL,,,,,
118,AAPL,2021-04-28,0.0,0.0,0.0,2021-04-28,133.5800018310547,AAPL,,,,,
119,AAPL,2021-04-29,0.0,0.0,0.0,2021-04-29,133.47999572753906,AAPL,,,,,
120,AAPL,2021-04-30,0.0,0.0,0.0,2021-04-30,131.4600067138672,AAPL,,,,,
121,AAPL,2021-05-01,0.0,0.0,0.0,,,,,,,,
122,AAPL,2021-05-02,0.0,0.0,0.0,,,,,,,,
123,AAPL,2021-05-03,0.0,0.0,0.0,2021-05-03,132.5399932861328,AAPL,,,,,
124,AAPL,2021-05-04,0.0,0.0,0.0,2021-05-04,127.8499984741211,AAPL,,,,,
125,AAPL,2021-05-05,0.0,0.0,0.0,2021-05-05,128.10000610351562,AAPL,,,,,
126,AAPL,2021-05-06,0.0,0.0,0.0,2021-05-06,129.74000549316406,AAPL,,,,,
127,AAPL,2021-05-07,0.0,0.0,0.0,2021-05-07,130.2100067138672,AAPL,,,,,
128,AAPL,2021-05-08,0.0,0.0,0.0,,,,,,,,
129,AAPL,2021-05-09,0.0,0.0,0.0,,,,,,,,
130,AAPL,2021-05-10,0.0,0.0,0.0,2021-05-10,126.8499984741211,AAPL,,,,,
131,AAPL,2021-05-11,0.0,0.0,0.0,2021-05-11,125.91000366210938,AAPL,,,,,
132,AAPL,2021-05-12,0.0,0.0,0.0,2021-05-12,122.7699966430664,AAPL,,,,,
133,AAPL,2021-05-13,0.0,0.0,0.0,2021-05-13,124.97000122070312,AAPL,,,,,
134,AAPL,2021-05-14,0.0,0.0,0.0,2021-05-14,127.44999694824219,AAPL,,,,,
135,AAPL,2021-05-15,0.0,0.0,0.0,,,,,,,,
136,AAPL,2021-05-16,0.0,0.0,0.0,,,,,,,,
137,AAPL,2021-05-17,0.0,0.0,0.0,2021-05-17,126.2699966430664,AAPL,,,,,
138,AAPL,2021-05-18,0.0,0.0,0.0,2021-05-18,124.8499984741211,AAPL,,,,,
139,AAPL,2021-05-19,0.0,0.0,0.0,2021-05-19,124.69000244140625,AAPL,,,,,
140,AAPL,2021-05-20,0.0,0.0,0.0,2021-05-20,127.30999755859375,AAPL,,,,,
141,AAPL,2021-05-21,0.0,0.0,0.0,2021-05-21,125.43000030517578,AAPL,,,,,
142,AAPL,2021-05-22,0.0,0.0,0.0,,,,,,,,
143,AAPL,2021-05-23,0.0,0.0,0.0,,,,,,,,
144,AAPL,2021-05-24,0.0,0.0,0.0,2021-05-24,127.0999984741211,AAPL,,,,,
145,AAPL,2021-05-25,0.0,0.0,0.0,2021-05-25,126.9000015258789,AAPL,,,,,
146,AAPL,2021-05-26,0.0,0.0,0.0,2021-05-26,126.8499984741211,AAPL,,,,,
147,AAPL,2021-05-27,0.0,0.0,0.0,2021-05-27,125.27999877929688,AAPL,,,,,
148,AAPL,2021-05-28,0.0,0.0,0.0,2021-05-28,124.61000061035156,AAPL,,,,,
149,AAPL,2021-05-29,0.0,0.0,0.0,,,,,,,,
150,AAPL,2021-05-30,0.0,0.0,0.0,,,,,,,,
151,AAPL,2021-05-31,0.0,0.0,0.0,,,,,,,,
152,AAPL,2021-06-01,0.0,0.0,0.0,2021-06-01,124.27999877929688,AAPL,,,,,
153,AAPL,2021-06-02,0.0,0.0,0.0,2021-06-02,125.05999755859375,AAPL,,,,,
154,AAPL,2021-06-03,0.0,0.0,0.0,2021-06-03,123.54000091552734,AAPL,,,,,
155,AAPL,2021-06-04,0.0,0.0,0.0,2021-06-04,125.88999938964844,AAPL,,,,,
156,AAPL,2021-06-05,0.0,0.0,0.0,,,,,,,,
157,AAPL,2021-06-06,0.0,0.0,0.0,,,,,,,,
158,AAPL,2021-06-07,0.0,0.0,0.0,2021-06-07,125.9000015258789,AAPL,,,,,
159,AAPL,2021-06-08,0.0,0.0,0.0,2021-06-08,126.73999786376953,AAPL,,,,,
160,AAPL,2021-06-09,0.0,0.0,0.0,2021-06-09,127.12999725341797,AAPL,,,,,
161,AAPL,2021-06-10,0.0,0.0,0.0,2021-06-10,126.11000061035156,AAPL,,,,,
162,AAPL,2021-06-11,0.0,0.0,0.0,2021-06-11,127.3499984741211,AAPL,,,,,
163,AAPL,2021-06-12,0.0,0.0,0.0,,,,,,,,
164,AAPL,2021-06-13,0.0,0.0,0.0,,,,,,,,
165,AAPL,2021-06-14,0.0,0.0,0.0,2021-06-14,130.47999572753906,AAPL,,,,,
166,AAPL,2021-06-15,0.0,0.0,0.0,2021-06-15,129.63999938964844,AAPL,,,,,
167,AAPL,2021-06-16,0.0,0.0,0.0,2021-06-16,130.14999389648438,AAPL,,,,,
168,AAPL,2021-06-17,0.0,0.0,0.0,2021-06-17,131.7899932861328,AAPL,,,,,
169,AAPL,2021-06-18,0.0,0.0,0.0,2021-06-18,130.4600067138672,AAPL,,,,,
170,AAPL,2021-06-19,0.0,0.0,0.0,,,,,,,,
171,AAPL,2021-06-20,0.0,0.0,0.0,,,,,,,,
172,AAPL,2021-06-21,0.0,0.0,0.0,2021-06-21,132.3000030517578,AAPL,,,,,
173,AAPL,2021-06-22,0.0,0.0,0.0,2021-06-22,133.97999572753906,AAPL,,,,,
174,AAPL,2021-06-23,0.0,0.0,0.0,2021-06-23,133.6999969482422,AAPL,,,,,
175,AAPL,2021-06-24,0.0,0.0,0.0,2021-06-24,133.41000366210938,AAPL,,,,,
176,AAPL,2021-06-25,0.0,0.0,0.0,2021-06-25,133.11000061035156,AAPL,,,,,
177,AAPL,2021-06-26,0.0,0.0,0.0,,,,,,,,
178,AAPL,2021-06-27,0.0,0.0,0.0,,,,,,,,
179,AAPL,2021-06-28,0.0,0.0,0.0,2021-06-28,134.77999877929688,AAPL,,,,,
180,AAPL,2021-06-29,0.0,0.0,0.0,2021-06-29,136.3300018310547,AAPL,,,,,
181,AAPL,2021-06-30,0.0,0.0,0.0,2021-06-30,136.9600067138672,AAPL,,,,,
182,AAPL,2021-07-01,0.0,0.0,0.0,2021-07-01,137.27000427246094,AAPL,,,,,
183,AAPL,2021-07-02,0.0,0.0,0.0,2021-07-02,139.9600067138672,AAPL,,,,,
184,AAPL,2021-07-03,0.0,0.0,0.0,,,,,,,,
185,AAPL,2021-07-04,0.0,0.0,0.0,,,,,,,,
186,AAPL,2021-07-05,0.0,0.0,0.0,,,,,,,,
187,AAPL,2021-07-06,0.0,0.0,0.0,2021-07-06,142.02000427246094,AAPL,,,,,
188,AAPL,2021-07-07,0.0,0.0,0.0,2021-07-07,144.57000732421875,AAPL,,,,,
189,AAPL,2021-07-08,0.0,0.0,0.0,2021-07-08,143.24000549316406,AAPL,,,,,
190,AAPL,2021-07-09,0.0,0.0,0.0,2021-07-09,145.11000061035156,AAPL,,,,,
191,AAPL,2021-07-10,0.0,0.0,0.0,,,,,,,,
192,AAPL,2021-07-11,0.0,0.0,0.0,,,,,,,,
193,AAPL,2021-07-12,0.0,0.0,0.0,2021-07-12,144.5,AAPL,,,,,
194,AAPL,2021-07-13,0.0,0.0,0.0,2021-07-13,145.63999938964844,AAPL,,,,,
195,AAPL,2021-07-14,0.0,0.0,0.0,2021-07-14,149.14999389648438,AAPL,,,,,
196,AAPL,2021-07-15,0.0,0.0,0.0,2021-07-15,148.47999572753906,AAPL,,,,,
197,AAPL,2021-07-16,0.0,0.0,0.0,2021-07-16,146.38999938964844,AAPL,,,,,
198,AAPL,2021-07-17,0.0,0.0,0.0,,,,,,,,
199,AAPL,2021-07-18,0.0,0.0,0.0,,,,,,,,
200,AAPL,2021-07-19,0.0,0.0,0.0,2021-07-19,142.4499969482422,AAPL,,,,,
201,AAPL,2021-07-20,0.0,0.0,0.0,2021-07-20,146.14999389648438,AAPL,,,,,
202,AAPL,2021-07-21,0.0,0.0,0.0,2021-07-21,145.39999389648438,AAPL,,,,,
203,AAPL,2021-07-22,0.0,0.0,0.0,2021-07-22,146.8000030517578,AAPL,,,,,
204,AAPL,2021-07-23,0.0,0.0,0.0,2021-07-23,148.55999755859375,AAPL,,,,,
205,AAPL,2021-07-24,0.0,0.0,0.0,,,,,,,,
206,AAPL,2021-07-25,0.0,0.0,0.0,,,,,,,,
207,AAPL,2021-07-26,0.0,0.0,0.0,2021-07-26,148.99000549316406,AAPL,,,,,
208,AAPL,2021-07-27,0.0,0.0,0.0,2021-07-27,146.77000427246094,AAPL,,,,,
209,AAPL,2021-07-28,0.0,0.0,0.0,2021-07-28,144.97999572753906,AAPL,,,,,
210,AAPL,2021-07-29,0.0,0.0,0.0,2021-07-29,145.63999938964844,AAPL,,,,,
211,AAPL,2021-07-30,0.0,0.0,0.0,2021-07-30,145.86000061035156,AAPL,,,,,
212,AAPL,2021-07-31,0.0,0.0,0.0,,,,,,,,
213,AAPL,2021-08-01,0.0,0.0,0.0,,,,,,,,
214,AAPL,2021-08-02,0.0,0.0,0.0,2021-08-02,145.52000427246094,AAPL,,,,,
215,AAPL,2021-08-03,0.0,0.0,0.0,2021-08-03,147.36000061035156,AAPL,,,,,
216,AAPL,2021-08-04,0.0,0.0,0.0,2021-08-04,146.9499969482422,AAPL,,,,,
217,AAPL,2021-08-05,0.0,0.0,0.0,2021-08-05,147.05999755859375,AAPL,,,,,
218,AAPL,2021-08-06,0.0,0.0,0.0,2021-08-06,146.13999938964844,AAPL,,,,,
219,AAPL,2021-08-07,0.0,0.0,0.0,,,,,,,,
220,AAPL,2021-08-08,0.0,0.0,0.0,,,,,,,,
221,AAPL,2021-08-09,0.0,0.0,0.0,2021-08-09,146.08999633789062,AAPL,,,,,
222,AAPL,2021-08-10,0.0,0.0,0.0,2021-08-10,145.60000610351562,AAPL,,,,,
223,AAPL,2021-08-11,0.0,0.0,0.0,2021-08-11,145.86000061035156,AAPL,,,,,
224,AAPL,2021-08-12,0.0,0.0,0.0,2021-08-12,148.88999938964844,AAPL,,,,,
225,AAPL,2021-08-13,0.0,0.0,0.0,2021-08-13,149.10000610351562,AAPL,,,,,
226,AAPL,2021-08-14,0.0,0.0,0.0,,,,,,,,
227,AAPL,2021-08-15,0.0,0.0,0.0,,,,,,,,
228,AAPL,2021-08-16,0.0,0.0,0.0,2021-08-16,151.1199951171875,AAPL,,,,,
229,AAPL,2021-08-17,0.0,0.0,0.0,2021-08-17,150.19000244140625,AAPL,,,,,
230,AAPL,2021-08-18,0.0,0.0,0.0,2021-08-18,146.36000061035156,AAPL,,,,,
231,AAPL,2021-08-19,0.0,0.0,0.0,2021-08-19,146.6999969482422,AAPL,,,,,
232,AAPL,2021-08-20,0.0,0.0,0.0,2021-08-20,148.19000244140625,AAPL,,,,,
233,AAPL,2021-08-21,0.0,0.0,0.0,,,,,,,,
234,AAPL,2021-08-22,0.0,0.0,0.0,,,,,,,,
235,AAPL,2021-08-23,0.0,0.0,0.0,2021-08-23,149.7100067138672,AAPL,,,,,
236,AAPL,2021-08-24,0.0,0.0,0.0,2021-08-24,149.6199951171875,AAPL,,,,,
237,AAPL,2021-08-25,0.0,0.0,0.0,2021-08-25,148.36000061035156,AAPL,,,,,
238,AAPL,2021-08-26,0.0,0.0,0.0,2021-08-26,147.5399932861328,AAPL,,,,,
239,AAPL,2021-08-27,0.0,0.0,0.0,2021-08-27,148.60000610351562,AAPL,,,,,
240,AAPL,2021-08-28,0.0,0.0,0.0,,,,,,,,
241,AAPL,2021-08-29,0.0,0.0,0.0,,,,,,,,
242,AAPL,2021-08-30,0.0,0.0,0.0,2021-08-30,153.1199951171875,AAPL,,,,,
243,AAPL,2021-08-31,0.0,0.0,0.0,2021-08-31,151.8300018310547,AAPL,,,,,
244,AAPL,2021-09-01,0.0,0.0,0.0,2021-09-01,152.50999450683594,AAPL,,,,,
245,AAPL,2021-09-02,0.0,0.0,0.0,2021-09-02,153.64999389648438,AAPL,,,,,
246,AAPL,2021-09-03,0.0,0.0,0.0,2021-09-03,154.3000030517578,AAPL,,,,,
247,AAPL,2021-09-04,0.0,0.0,0.0,,,,,,,,
248,AAPL,2021-09-05,0.0,0.0,0.0,,,,,,,,
249,AAPL,2021-09-06,0.0,0.0,0.0,,,,,,,,
250,AAPL,2021-09-07,0.0,0.0,0.0,2021-09-07,156.69000244140625,AAPL,,,,,
251,AAPL,2021-09-08,0.0,0.0,0.0,2021-09-08,155.11000061035156,AAPL,,,,,
252,AAPL,2021-09-09,0.0,0.0,0.0,2021-09-09,154.07000732421875,AAPL,,,,,
253,AAPL,2021-09-10,0.0,0.0,0.0,2021-09-10,148.97000122070312,AAPL,,,,,
254,AAPL,2021-09-11,0.0,0.0,0.0,,,,,,,,
255,AAPL,2021-09-12,0.0,0.0,0.0,,,,,,,,
256,AAPL,2021-09-13,0.0,0.0,0.0,2021-09-13,149.5500030517578,AAPL,,,,,
257,AAPL,2021-09-14,0.0,0.0,0.0,2021-09-14,148.1199951171875,AAPL,,,,,
258,AAPL,2021-09-15,0.0,0.0,0.0,2021-09-15,149.02999877929688,AAPL,,,,,
259,AAPL,2021-09-16,0.0,0.0,0.0,2021-09-16,148.7899932861328,AAPL,,,,,
260,AAPL,2021-09-17,0.0,0.0,0.0,2021-09-17,146.05999755859375,AAPL,,,,,
261,AAPL,2021-09-18,0.0,0.0,0.0,,,,,,,,
262,AAPL,2021-09-19,0.0,0.0,0.0,,,,,,,,
263,AAPL,2021-09-20,0.0,0.0,0.0,2021-09-20,142.94000244140625,AAPL,,,,,
264,AAPL,2021-09-21,0.0,0.0,0.0,2021-09-21,143.42999267578125,AAPL,,,,,
265,AAPL,2021-09-22,0.0,0.0,0.0,2021-09-22,145.85000610351562,AAPL,,,,,
266,AAPL,2021-09-23,0.0,0.0,0.0,2021-09-23,146.8300018310547,AAPL,,,,,
267,AAPL,2021-09-24,0.0,0.0,0.0,2021-09-24,146.9199981689453,AAPL,,,,,
268,AAPL,2021-09-25,0.0,0.0,0.0,,,,,,,,
269,AAPL,2021-09-26,0.0,0.0,0.0,,,,,,,,
270,AAPL,2021-09-27,0.0,0.0,0.0,2021-09-27,145.3699951171875,AAPL,,,,,
271,AAPL,2021-09-28,0.0,0.0,0.0,2021-09-28,141.91000366210938,AAPL,,,,,
272,AAPL,2021-09-29,0.0,0.0,0.0,2021-09-29,142.8300018310547,AAPL,,,,,
273,AAPL,2021-09-30,0.0,0.0,0.0,2021-09-30,141.5,AAPL,,,,,
274,AAPL,2021-10-01,0.0,0.0,0.0,2021-10-01,142.64999389648438,AAPL,,,,,
275,AAPL,2021-10-02,0.0,0.0,0.0,,,,,,,,
276,AAPL,2021-10-03,0.0,0.0,0.0,,,,,,,,
277,AAPL,2021-10-04,0.0,0.0,0.0,2021-10-04,139.13999938964844,AAPL,,,,,
278,AAPL,2021-10-05,0.0,0.0,0.0,2021-10-05,141.11000061035156,AAPL,,,,,
279,AAPL,2021-10-06,0.0,0.0,0.0,2021-10-06,142.0,AAPL,,,,,
280,AAPL,2021-10-07,0.0,0.0,0.0,2021-10-07,143.2899932861328,AAPL,,,,,
281,AAPL,2021-10-08,0.0,0.0,0.0,2021-10-08,142.89999389648438,AAPL,,,,,
282,AAPL,2021-10-09,0.0,0.0,0.0,,,,,,,,
283,AAPL,2021-10-10,0.0,0.0,0.0,,,,,,,,
284,AAPL,2021-10-11,0.0,0.0,0.0,2021-10-11,142.80999755859375,AAPL,,,,,
285,AAPL,2021-10-12,0.0,0.0,0.0,2021-10-12,141.50999450683594,AAPL,,,,,
286,AAPL,2021-10-13,0.0,0.0,0.0,2021-10-13,140.91000366210938,AAPL,,,,,
287,AAPL,2021-10-14,0.0,0.0,0.0,2021-10-14,143.75999450683594,AAPL,,,,,
288,AAPL,2021-10-15,0.0,0.0,0.0,2021-10-15,144.83999633789062,AAPL,,,,,
289,AAPL,2021-10-16,0.0,0.0,0.0,,,,,,,,
290,AAPL,2021-10-17,0.0,0.0,0.0,,,,,,,,
291,AAPL,2021-10-18,0.0,0.0,0.0,2021-10-18,146.5500030517578,AAPL,,,,,
292,AAPL,2021-10-19,0.0,0.0,0.0,2021-10-19,148.75999450683594,AAPL,,,,,
293,AAPL,2021-10-20,0.0,0.0,0.0,2021-10-20,149.25999450683594,AAPL,,,,,
294,AAPL,2021-10-21,0.0,0.0,0.0,2021-10-21,149.47999572753906,AAPL,,,,,
295,AAPL,2021-10-22,0.0,0.0,0.0,2021-10-22,148.69000244140625,AAPL,,,,,
296,AAPL,2021-10-23,0.0,0.0,0.0,,,,,,,,
297,AAPL,2021-10-24,0.0,0.0,0.0,,,,,,,,
298,AAPL,2021-10-25,0.0,0.0,0.0,2021-10-25,148.63999938964844,AAPL,,,,,
299,AAPL,2021-10-26,0.0,0.0,0.0,2021-10-26,149.32000732421875,AAPL,,,,,
300,AAPL,2021-10-27,0.0,0.0,0.0,2021-10-27,148.85000610351562,AAPL,,,,,
301,AAPL,2021-10-28,0.0,0.0,0.0,2021-10-28,152.57000732421875,AAPL,,,,,
302,AAPL,2021-10-29,0.0,0.0,0.0,2021-10-29,149.8000030517578,AAPL,,,,,
303,AAPL,2021-10-30,0.0,0.0,0.0,,,,,,,,
304,AAPL,2021-10-31,0.0,0.0,0.0,,,,,,,,
305,AAPL,2021-11-01,0.0,0.0,0.0,2021-11-01,148.9600067138672,AAPL,,,,,
306,AAPL,2021-11-02,0.0,0.0,0.0,2021-11-02,150.02000427246094,AAPL,,,,,
307,AAPL,2021-11-03,0.0,0.0,0.0,2021-11-03,151.49000549316406,AAPL,,,,,
308,AAPL,2021-11-04,0.0,0.0,0.0,2021-11-04,150.9600067138672,AAPL,,,,,
309,AAPL,2021-11-05,0.0,0.0,0.0,2021-11-05,151.27999877929688,AAPL,,,,,
310,AAPL,2021-11-06,0.0,0.0,0.0,,,,,,,,
311,AAPL,2021-11-07,0.0,0.0,0.0,,,,,,,,
312,AAPL,2021-11-08,0.0,0.0,0.0,2021-11-08,150.44000244140625,AAPL,,,,,
313,AAPL,2021-11-09,0.0,0.0,0.0,2021-11-09,150.80999755859375,AAPL,,,,,
314,AAPL,2021-11-10,0.0,0.0,0.0,2021-11-10,147.9199981689453,AAPL,,,,,
315,AAPL,2021-11-11,0.0,0.0,0.0,2021-11-11,147.8699951171875,AAPL,,,,,
316,AAPL,2021-11-12,0.0,0.0,0.0,2021-11-12,149.99000549316406,AAPL,,,,,
317,AAPL,2021-11-13,0.0,0.0,0.0,,,,,,,,
318,AAPL,2021-11-14,0.0,0.0,0.0,,,,,,,,
319,AAPL,2021-11-15,0.0,0.0,0.0,2021-11-15,150.0,AAPL,,,,,
320,AAPL,2021-11-16,0.0,0.0,0.0,2021-11-16,151.0,AAPL,,,,,
321,AAPL,2021-11-17,0.0,0.0,0.0,2021-11-17,153.49000549316406,AAPL,,,,,
322,AAPL,2021-11-18,0.0,0.0,0.0,2021-11-18,157.8699951171875,AAPL,,,,,
323,AAPL,2021-11-19,0.0,0.0,0.0,2021-11-19,160.5500030517578,AAPL,,,,,
324,AAPL,2021-11-20,0.0,0.0,0.0,,,,,,,,
325,AAPL,2021-11-21,0.0,0.0,0.0,,,,,,,,
326,AAPL,2021-11-22,0.0,0.0,0.0,2021-11-22,161.02000427246094,AAPL,,,,,
327,AAPL,2021-11-23,0.0,0.0,0.0,2021-11-23,161.41000366210938,AAPL,,,,,
328,AAPL,2021-11-24,0.0,0.0,0.0,2021-11-24,161.94000244140625,AAPL,,,,,
329,AAPL,2021-11-25,0.0,0.0,0.0,,,,,,,,
330,AAPL,2021-11-26,0.0,0.0,0.0,2021-11-26,156.80999755859375,AAPL,,,,,
331,AAPL,2021-11-27,0.0,0.0,0.0,,,,,,,,
332,AAPL,2021-11-28,0.0,0.0,0.0,,,,,,,,
333,AAPL,2021-11-29,0.0,0.0,0.0,2021-11-29,160.24000549316406,AAPL,,,,,
334,AAPL,2021-11-30,0.0,0.0,0.0,2021-11-30,165.3000030517578,AAPL,,,,,
335,AAPL,2021-12-01,0.0,0.0,0.0,2021-12-01,164.77000427246094,AAPL,,,,,
336,AAPL,2021-12-02,0.0,0.0,0.0,2021-12-02,163.75999450683594,AAPL,,,,,
337,AAPL,2021-12-03,0.0,0.0,0.0,2021-12-03,161.83999633789062,AAPL,,,,,
338,AAPL,2021-12-04,0.0,0.0,0.0,,,,,,,,
339,AAPL,2021-12-05,0.0,0.0,0.0,,,,,,,,
340,AAPL,2021-12-06,0.0,0.0,0.0,2021-12-06,165.32000732421875,AAPL,,,,,
341,AAPL,2021-12-07,0.0,0.0,0.0,2021-12-07,171.17999267578125,AAPL,,,,,
342,AAPL,2021-12-08,0.0,0.0,0.0,2021-12-08,175.0800018310547,AAPL,,,,,
343,AAPL,2021-12-09,0.0,0.0,0.0,2021-12-09,174.55999755859375,AAPL,,,,,
344,AAPL,2021-12-10,0.0,0.0,0.0,2021-12-10,179.4499969482422,AAPL,,,,,
345,AAPL,2021-12-11,0.0,0.0,0.0,,,,,,,,
346,AAPL,2021-12-12,0.0,0.0,0.0,,,,,,,,
347,AAPL,2021-12-13,0.0,0.0,0.0,2021-12-13,175.74000549316406,AAPL,,,,,
348,AAPL,2021-12-14,0.0,0.0,0.0,2021-12-14,174.3300018310547,AAPL,,,,,
349,AAPL,2021-12-15,0.0,0.0,0.0,2021-12-15,179.3000030517578,AAPL,,,,,
350,AAPL,2021-12-16,0.0,0.0,0.0,2021-12-16,172.25999450683594,AAPL,,,,,
351,AAPL,2021-12-17,0.0,0.0,0.0,2021-12-17,171.13999938964844,AAPL,,,,,
352,AAPL,2021-12-18,0.0,0.0,0.0,,,,,,,,
353,AAPL,2021-12-19,0.0,0.0,0.0,,,,,,,,
354,AAPL,2021-12-20,0.0,0.0,0.0,2021-12-20,169.75,AAPL,,,,,
355,AAPL,2021-12-21,0.0,0.0,0.0,2021-12-21,172.99000549316406,AAPL,,,,,
356,AAPL,2021-12-22,0.0,0.0,0.0,2021-12-22,175.63999938964844,AAPL,,,,,
357,AAPL,2021-12-23,0.0,0.0,0.0,2021-12-23,176.27999877929688,AAPL,,,,,
358,AAPL,2021-12-24,0.0,0.0,0.0,,,,,,,,
359,AAPL,2021-12-25,0.0,0.0,0.0,,,,,,,,
360,AAPL,2021-12-26,0.0,0.0,0.0,,,,,,,,
361,AAPL,2021-12-27,0.0,0.0,0.0,2021-12-27,180.3300018310547,AAPL,,,,,
362,AAPL,2021-12-28,0.0,0.0,0.0,2021-12-28,179.2899932861328,AAPL,,,,,
363,AAPL,2021-12-29,0.0,0.0,0.0,2021-12-29,179.3800048828125,AAPL,,,,,
364,AAPL,2021-12-30,0.0,0.0,0.0,2021-12-30,178.1999969482422,AAPL,,,,,
365,AAPL,2021-12-31,0.0,0.0,0.0,2021-12-31,177.57000732421875,AAPL,,,,,
366,AAPL,2022-01-01,0.0,0.0,0.0,,,,,,,,
367,AAPL,2022-01-02,0.0,0.0,0.0,,,,,,,,
368,AAPL,2022-01-03,0.0,0.0,0.0,2022-01-03,182.00999450683594,AAPL,,,,,
369,AAPL,2022-01-04,0.0,0.0,0.0,2022-01-04,179.6999969482422,AAPL,,,,,
370,AAPL,2022-01-05,0.0,0.0,0.0,2022-01-05,174.9199981689453,AAPL,,,,,
371,AAPL,2022-01-06,0.0,0.0,0.0,2022-01-06,172.0,AAPL,,,,,
372,AAPL,2022-01-07,0.0,0.0,0.0,2022-01-07,172.1699981689453,AAPL,,,,,
373,AAPL,2022-01-08,0.0,0.0,0.0,,,,,,,,
374,AAPL,2022-01-09,0.0,0.0,0.0,,,,,,,,
375,AAPL,2022-01-10,0.0,0.0,0.0,2022-01-10,172.19000244140625,AAPL,,,,,
376,AAPL,2022-01-11,0.0,0.0,0.0,2022-01-11,175.0800018310547,AAPL,,,,,
377,AAPL,2022-01-12,0.0,0.0,0.0,2022-01-12,175.52999877929688,AAPL,,,,,
378,AAPL,2022-01-13,0.0,0.0,0.0,2022-01-13,172.19000244140625,AAPL,,,,,
379,AAPL,2022-01-14,0.0,0.0,0.0,2022-01-14,173.07000732421875,AAPL,,,,,
380,AAPL,2022-01-15,0.0,0.0,0.0,,,,,,,,
381,AAPL,2022-01-16,0.0,0.0,0.0,,,,,,,,
382,AAPL,2022-01-17,0.0,0.0,0.0,,,,,,,,
383,AAPL,2022-01-18,0.0,0.0,0.0,2022-01-18,169.8000030517578,AAPL,,,,,
384,AAPL,2022-01-19,0.0,0.0,0.0,2022-01-19,166.22999572753906,AAPL,,,,,
385,AAPL,2022-01-20,0.0,0.0,0.0,2022-01-20,164.50999450683594,AAPL,,,,,
386,AAPL,2022-01-21,0.0,0.0,0.0,2022-01-21,162.41000366210938,AAPL,,,,,
387,AAPL,2022-01-22,0.0,0.0,0.0,,,,,,,,
388,AAPL,2022-01-23,0.0,0.0,0.0,,,,,,,,
389,AAPL,2022-01-24,0.0,0.0,0.0,2022-01-24,161.6199951171875,AAPL,,,,,
390,AAPL,2022-01-25,0.0,0.0,0.0,2022-01-25,159.77999877929688,AAPL,,,,,
391,AAPL,2022-01-26,0.0,0.0,0.0,2022-01-26,159.69000244140625,AAPL,,,,,
392,AAPL,2022-01-27,0.0,0.0,0.0,2022-01-27,159.22000122070312,AAPL,,,,,
393,AAPL,2022-01-28,0.0,0.0,0.0,2022-01-28,170.3300018310547,AAPL,,,,,
394,AAPL,2022-01-29,0.0,0.0,0.0,,,,,,,,
395,AAPL,2022-01-30,0.0,0.0,0.0,,,,,,,,
396,AAPL,2022-01-31,0.0,0.0,0.0,2022-01-31,174.77999877929688,AAPL,,,,,
397,AAPL,2022-02-01,0.0,0.0,0.0,2022-02-01,174.61000061035156,AAPL,,,,,
398,AAPL,2022-02-02,0.0,0.0,0.0,2022-02-02,175.83999633789062,AAPL,,,,,
399,AAPL,2022-02-03,0.0,0.0,0.0,2022-02-03,172.89999389648438,AAPL,,,,,
400,AAPL,2022-02-04,0.0,0.0,0.0,2022-02-04,172.38999938964844,AAPL,,,,,
401,AAPL,2022-02-05,0.0,0.0,0.0,,,,,,,,
402,AAPL,2022-02-06,0.0,0.0,0.0,,,,,,,,
403,AAPL,2022-02-07,0.0,0.0,0.0,2022-02-07,171.66000366210938,AAPL,,,,,
404,AAPL,2022-02-08,0.0,0.0,0.0,2022-02-08,174.8300018310547,AAPL,,,,,
405,AAPL,2022-02-09,0.0,0.0,0.0,2022-02-09,176.27999877929688,AAPL,,,,,
406,AAPL,2022-02-10,0.0,0.0,0.0,2022-02-10,172.1199951171875,AAPL,,,,,
407,AAPL,2022-02-11,0.0,0.0,0.0,2022-02-11,168.63999938964844,AAPL,,,,,
408,AAPL,2022-02-12,0.0,0.0,0.0,,,,,,,,
409,AAPL,2022-02-13,0.0,0.0,0.0,,,,,,,,
410,AAPL,2022-02-14,0.0,0.0,0.0,2022-02-14,168.8800048828125,AAPL,,,,,
411,AAPL,2022-02-15,0.0,0.0,0.0,2022-02-15,172.7899932861328,AAPL,,,,,
412,AAPL,2022-02-16,0.0,0.0,0.0,2022-02-16,172.5500030517578,AAPL,,,,,
413,AAPL,2022-02-17,0.0,0.0,0.0,2022-02-17,168.8800048828125,AAPL,,,,,
414,AAPL,2022-02-18,0.0,0.0,0.0,2022-02-18,167.3000030517578,AAPL,,,,,
415,AAPL,2022-02-19,0.0,0.0,0.0,,,,,,,,
416,AAPL,2022-02-20,0.0,0.0,0.0,,,,,,,,
417,AAPL,2022-02-21,0.0,0.0,0.0,,,,,,,,
418,AAPL,2022-02-22,0.0,0.0,0.0,2022-02-22,164.32000732421875,AAPL,,,,,
419,AAPL,2022-02-23,0.0,0.0,0.0,2022-02-23,160.07000732421875,AAPL,,,,,
420,AAPL,2022-02-24,0.0,0.0,0.0,2022-02-24,162.74000549316406,AAPL,,,,,
421,AAPL,2022-02-25,0.0,0.0,0.0,2022-02-25,164.85000610351562,AAPL,,,,,
422,AAPL,2022-02-26,0.0,0.0,0.0,,,,,,,,
423,AAPL,2022-02-27,0.0,0.0,0.0,,,,,,,,
424,AAPL,2022-02-28,0.0,0.0,0.0,2022-02-28,165.1199951171875,AAPL,,,,,
425,AAPL,2022-03-01,0.0,0.0,0.0,2022-03-01,163.1999969482422,AAPL,,,,,
426,AAPL,2022-03-02,0.0,0.0,0.0,2022-03-02,166.55999755859375,AAPL,,,,,
427,AAPL,2022-03-03,0.0,0.0,0.0,2022-03-03,166.22999572753906,AAPL,,,,,
428,AAPL,2022-03-04,0.0,0.0,0.0,2022-03-04,163.1699981689453,AAPL,,,,,
429,AAPL,2022-03-05,0.0,0.0,0.0,,,,,,,,
430,AAPL,2022-03-06,0.0,0.0,0.0,,,,,,,,
431,AAPL,2022-03-07,0.0,0.0,0.0,2022-03-07,159.3000030517578,AAPL,,,,,
432,AAPL,2022-03-08,0.0,0.0,0.0,2022-03-08,157.44000244140625,AAPL,,,,,
433,AAPL,2022-03-09,0.0,0.0,0.0,2022-03-09,162.9499969482422,AAPL,,,,,
434,AAPL,2022-03-10,0.0,0.0,0.0,2022-03-10,158.52000427246094,AAPL,,,,,
435,AAPL,2022-03-11,0.0,0.0,0.0,2022-03-11,154.72999572753906,AAPL,,,,,
436,AAPL,2022-03-12,0.0,0.0,0.0,,,,,,,,
437,AAPL,2022-03-13,0.0,0.0,0.0,,,,,,,,
438,AAPL,2022-03-14,0.0,0.0,0.0,2022-03-14,150.6199951171875,AAPL,,,,,
439,AAPL,2022-03-15,0.0,0.0,0.0,2022-03-15,155.08999633789062,AAPL,,,,,
440,AAPL,2022-03-16,0.0,0.0,0.0,2022-03-16,159.58999633789062,AAPL,,,,,
441,AAPL,2022-03-17,0.0,0.0,0.0,2022-03-17,160.6199951171875,AAPL,,,,,
442,AAPL,2022-03-18,0.0,0.0,0.0,2022-03-18,163.97999572753906,AAPL,,,,,
443,AAPL,2022-03-19,0.0,0.0,0.0,,,,,,,,
444,AAPL,2022-03-20,0.0,0.0,0.0,,,,,,,,
445,AAPL,2022-03-21,0.0,0.0,0.0,2022-03-21,165.3800048828125,AAPL,,,,,
446,AAPL,2022-03-22,0.0,0.0,0.0,2022-03-22,168.82000732421875,AAPL,,,,,
447,AAPL,2022-03-23,0.0,0.0,0.0,2022-03-23,170.2100067138672,AAPL,,,,,
448,AAPL,2022-03-24,0.0,0.0,0.0,2022-03-24,174.07000732421875,AAPL,,,,,
449,AAPL,2022-03-25,0.0,0.0,0.0,2022-03-25,174.72000122070312,AAPL,,,,,
450,AAPL,2022-03-26,0.0,0.0,0.0,,,,,,,,
451,AAPL,2022-03-27,0.0,0.0,0.0,,,,,,,,
452,AAPL,2022-03-28,0.0,0.0,0.0,2022-03-28,175.60000610351562,AAPL,,,,,
453,AAPL,2022-03-29,0.0,0.0,0.0,2022-03-29,178.9600067138672,AAPL,,,,,
454,AAPL,2022-03-30,0.0,0.0,0.0,2022-03-30,177.77000427246094,AAPL,,,,,
455,AAPL,2022-03-31,0.0,0.0,0.0,2022-03-31,174.61000061035156,AAPL,,,,,
456,AAPL,2022-04-01,0.0,0.0,0.0,2022-04-01,174.30999755859375,AAPL,,,,,
457,AAPL,2022-04-02,0.0,0.0,0.0,,,,,,,,
458,AAPL,2022-04-03,0.0,0.0,0.0,,,,,,,,
459,AAPL,2022-04-04,0.0,0.0,0.0,2022-04-04,178.44000244140625,AAPL,,,,,
460,AAPL,2022-04-05,0.0,0.0,0.0,2022-04-05,175.05999755859375,AAPL,,,,,
461,AAPL,2022-04-06,0.0,0.0,0.0,2022-04-06,171.8300018310547,AAPL,,,,,
462,AAPL,2022-04-07,0.0,0.0,0.0,2022-04-07,172.13999938964844,AAPL,,,,,
463,AAPL,2022-04-08,0.0,0.0,0.0,2022-04-08,170.08999633789062,AAPL,,,,,
464,AAPL,2022-04-09,0.0,0.0,0.0,,,,,,,,
465,AAPL,2022-04-10,0.0,0.0,0.0,,,,,,,,
466,AAPL,2022-04-11,0.0,0.0,0.0,2022-04-11,165.75,AAPL,,,,,
467,AAPL,2022-04-12,0.0,0.0,0.0,2022-04-12,167.66000366210938,AAPL,,,,,
468,AAPL,2022-04-13,0.0,0.0,0.0,2022-04-13,170.39999389648438,AAPL,,,,,
469,AAPL,2022-04-14,0.0,0.0,0.0,2022-04-14,165.2899932861328,AAPL,,,,,
470,AAPL,2022-04-15,0.0,0.0,0.0,,,,,,,,
471,AAPL,2022-04-16,0.0,0.0,0.0,,,,,,,,
472,AAPL,2022-04-17,0.0,0.0,0.0,,,,,,,,
473,AAPL,2022-04-18,0.0,0.0,0.0,2022-04-18,165.07000732421875,AAPL,,,,,
474,AAPL,2022-04-19,0.0,0.0,0.0,2022-04-19,167.39999389648438,AAPL,,,,,
475,AAPL,2022-04-20,0.0,0.0,0.0,2022-04-20,167.22999572753906,AAPL,,,,,
476,AAPL,2022-04-21,0.0,0.0,0.0,2022-04-21,166.4199981689453,AAPL,,,,,
477,AAPL,2022-04-22,0.0,0.0,0.0,2022-04-22,161.7899932861328,AAPL,,,,,
478,AAPL,2022-04-23,0.0,0.0,0.0,,,,,,,,
479,AAPL,2022-04-24,0.0,0.0,0.0,,,,,,,,
480,AAPL,2022-04-25,0.0,0.0,0.0,2022-04-25,162.8800048828125,AAPL,,,,,
481,AAPL,2022-04-26,0.0,0.0,0.0,2022-04-26,156.8000030517578,AAPL,,,,,
482,AAPL,2022-04-27,0.0,0.0,0.0,2022-04-27,156.57000732421875,AAPL,,,,,
483,AAPL,2022-04-28,0.0,0.0,0.0,2022-04-28,163.63999938964844,AAPL,,,,,
484,AAPL,2022-04-29,0.0,0.0,0.0,2022-04-29,157.64999389648438,AAPL,,,,,
485,AAPL,2022-04-30,0.0,0.0,0.0,,,,,,,,
486,AAPL,2022-05-01,0.0,0.0,0.0,,,,,,,,
487,AAPL,2022-05-02,0.0,0.0,0.0,2022-05-02,157.9600067138672,AAPL,,,,,
488,AAPL,2022-05-03,0.0,0.0,0.0,2022-05-03,159.47999572753906,AAPL,,,,,
489,AAPL,2022-05-04,0.0,0.0,0.0,2022-05-04,166.02000427246094,AAPL,,,,,
490,AAPL,2022-05-05,0.0,0.0,0.0,2022-05-05,156.77000427246094,AAPL,,,,,
491,AAPL,2022-05-06,0.0,0.0,0.0,2022-05-06,157.27999877929688,AAPL,,,,,
492,AAPL,2022-05-07,0.0,0.0,0.0,,,,,,,,
493,AAPL,2022-05-08,0.0,0.0,0.0,,,,,,,,
494,AAPL,2022-05-09,0.0,0.0,0.0,2022-05-09,152.05999755859375,AAPL,,,,,
495,AAPL,2022-05-10,0.0,0.0,0.0,2022-05-10,154.50999450683594,AAPL,,,,,
496,AAPL,2022-05-11,0.0,0.0,0.0,2022-05-11,146.5,AAPL,,,,,
497,AAPL,2022-05-12,0.0,0.0,0.0,2022-05-12,142.55999755859375,AAPL,,,,,
498,AAPL,2022-05-13,0.0,0.0,0.0,2022-05-13,147.11000061035156,AAPL,,,,,
499,AAPL,2022-05-14,0.0,0.0,0.0,,,,,,,,
500,AAPL,2022-05-15,0.0,0.0,0.0,,,,,,,,
501,AAPL,2022-05-16,0.0,0.0,0.0,2022-05-16,145.5399932861328,AAPL,,,,,
502,AAPL,2022-05-17,0.0,0.0,0.0,2022-05-17,149.24000549316406,AAPL,,,,,
503,AAPL,2022-05-18,0.0,0.0,0.0,2022-05-18,140.82000732421875,AAPL,,,,,
504,AAPL,2022-05-19,0.0,0.0,0.0,2022-05-19,137.35000610351562,AAPL,,,,,
505,AAPL,2022-05-20,0.0,0.0,0.0,2022-05-20,137.58999633789062,AAPL,,,,,
506,AAPL,2022-05-21,0.0,0.0,0.0,,,,,,,,
507,AAPL,2022-05-22,0.0,0.0,0.0,,,,,,,,
508,AAPL,2022-05-23,0.0,0.0,0.0,2022-05-23,143.11000061035156,AAPL,,,,,
509,AAPL,2022-05-24,0.0,0.0,0.0,2022-05-24,140.36000061035156,AAPL,,,,,
510,AAPL,2022-05-25,0.0,0.0,0.0,2022-05-25,140.52000427246094,AAPL,,,,,
511,AAPL,2022-05-26,0.0,0.0,0.0,2022-05-26,143.77999877929688,AAPL,,,,,
512,AAPL,2022-05-27,0.0,0.0,0.0,2022-05-27,149.63999938964844,AAPL,,,,,
513,AAPL,2022-05-28,0.0,0.0,0.0,,,,,,,,
514,AAPL,2022-05-29,0.0,0.0,0.0,,,,,,,,
515,AAPL,2022-05-30,0.0,0.0,0.0,,,,,,,,
516,AAPL,2022-05-31,0.0,0.0,0.0,2022-05-31,148.83999633789062,AAPL,,,,,
517,AAPL,2022-06-01,0.0,0.0,0.0,2022-06-01,148.7100067138672,AAPL,,,,,
518,AAPL,2022-06-02,0.0,0.0,0.0,2022-06-02,151.2100067138672,AAPL,,,,,
519,AAPL,2022-06-03,0.0,0.0,0.0,2022-06-03,145.3800048828125,AAPL,,,,,
520,AAPL,2022-06-04,0.0,0.0,0.0,,,,,,,,
521,AAPL,2022-06-05,0.0,0.0,0.0,,,,,,,,
522,AAPL,2022-06-06,0.0,0.0,0.0,2022-06-06,146.13999938964844,AAPL,,,,,
523,AAPL,2022-06-07,0.0,0.0,0.0,2022-06-07,148.7100067138672,AAPL,,,,,
524,AAPL,2022-06-08,0.0,0.0,0.0,2022-06-08,147.9600067138672,AAPL,,,,,
525,AAPL,2022-06-09,0.0,0.0,0.0,2022-06-09,142.63999938964844,AAPL,,,,,
526,AAPL,2022-06-10,0.0,0.0,0.0,2022-06-10,137.1300048828125,AAPL,,,,,
527,AAPL,2022-06-11,0.0,0.0,0.0,,,,,,,,
528,AAPL,2022-06-12,0.0,0.0,0.0,,,,,,,,
529,AAPL,2022-06-13,0.0,0.0,0.0,2022-06-13,131.8800048828125,AAPL,,,,,
530,AAPL,2022-06-14,0.0,0.0,0.0,2022-06-14,132.75999450683594,AAPL,,,,,
531,AAPL,2022-06-15,0.0,0.0,0.0,2022-06-15,135.42999267578125,AAPL,,,,,
532,AAPL,2022-06-16,0.0,0.0,0.0,2022-06-16,130.05999755859375,AAPL,,,,,
533,AAPL,2022-06-17,0.0,0.0,0.0,2022-06-17,131.55999755859375,AAPL,,,,,
534,AAPL,2022-06-18,0.0,0.0,0.0,,,,,,,,
535,AAPL,2022-06-19,0.0,0.0,0.0,,,,,,,,
536,AAPL,2022-06-20,0.0,0.0,0.0,,,,,,,,
537,AAPL,2022-06-21,0.0,0.0,0.0,2022-06-21,135.8699951171875,AAPL,,,,,
538,AAPL,2022-06-22,0.0,0.0,0.0,2022-06-22,135.35000610351562,AAPL,,,,,
539,AAPL,2022-06-23,0.0,0.0,0.0,2022-06-23,138.27000427246094,AAPL,,,,,
540,AAPL,2022-06-24,0.0,0.0,0.0,2022-06-24,141.66000366210938,AAPL,,,,,
541,AAPL,2022-06-25,0.0,0.0,0.0,,,,,,,,
542,AAPL,2022-06-26,0.0,0.0,0.0,,,,,,,,
543,AAPL,2022-06-27,0.0,0.0,0.0,2022-06-27,141.66000366210938,AAPL,,,,,
544,AAPL,2022-06-28,0.0,0.0,0.0,2022-06-28,137.44000244140625,AAPL,,,,,
545,AAPL,2022-06-29,0.0,0.0,0.0,2022-06-29,139.22999572753906,AAPL,,,,,
546,AAPL,2022-06-30,0.0,0.0,0.0,2022-06-30,136.72000122070312,AAPL,,,,,
547,AAPL,2022-07-01,0.0,0.0,0.0,2022-07-01,138.92999267578125,AAPL,,,,,
548,AAPL,2022-07-02,0.0,0.0,0.0,,,,,,,,
549,AAPL,2022-07-03,0.0,0.0,0.0,,,,,,,,
550,AAPL,2022-07-04,0.0,0.0,0.0,,,,,,,,
551,AAPL,2022-07-05,0.0,0.0,0.0,2022-07-05,141.55999755859375,AAPL,,,,,
552,AAPL,2022-07-06,0.0,0.0,0.0,2022-07-06,142.9199981689453,AAPL,,,,,
553,AAPL,2022-07-07,0.0,0.0,0.0,2022-07-07,146.35000610351562,AAPL,,,,,
554,AAPL,2022-07-08,0.0,0.0,0.0,2022-07-08,147.0399932861328,AAPL,,,,,
555,AAPL,2022-07-09,0.0,0.0,0.0,,,,,,,,
556,AAPL,2022-07-10,0.0,0.0,0.0,,,,,,,,
557,AAPL,2022-07-11,0.0,0.0,0.0,2022-07-11,144.8699951171875,AAPL,,,,,
558,AAPL,2022-07-12,0.0,0.0,0.0,2022-07-12,145.86000061035156,AAPL,,,,,
559,AAPL,2022-07-13,0.0,0.0,0.0,2022-07-13,145.49000549316406,AAPL,,,,,
560,AAPL,2022-07-14,0.0,0.0,0.0,2022-07-14,148.47000122070312,AAPL,,,,,
561,AAPL,2022-07-15,0.0,0.0,0.0,2022-07-15,150.1699981689453,AAPL,,,,,
562,AAPL,2022-07-16,0.0,0.0,0.0,,,,,,,,
563,AAPL,2022-07-17,0.0,0.0,0.0,,,,,,,,
564,AAPL,2022-07-18,0.0,0.0,0.0,2022-07-18,147.07000732421875,AAPL,,,,,
565,AAPL,2022-07-19,0.0,0.0,0.0,2022-07-19,151.0,AAPL,,,,,
566,AAPL,2022-07-20,0.0,0.0,0.0,2022-07-20,153.0399932861328,AAPL,,,,,
567,AAPL,2022-07-21,0.0,0.0,0.0,2022-07-21,155.35000610351562,AAPL,,,,,
568,AAPL,2022-07-22,0.0,0.0,0.0,2022-07-22,154.08999633789062,AAPL,,,,,
569,AAPL,2022-07-23,0.0,0.0,0.0,,,,,,,,
570,AAPL,2022-07-24,0.0,0.0,0.0,,,,,,,,
571,AAPL,2022-07-25,0.0,0.0,0.0,2022-07-25,152.9499969482422,AAPL,,,,,
572,AAPL,2022-07-26,0.0,0.0,0.0,2022-07-26,151.60000610351562,AAPL,,,,,
573,AAPL,2022-07-27,0.0,0.0,0.0,2022-07-27,156.7899932861328,AAPL,,,,,
574,AAPL,2022-07-28,0.0,0.0,0.0,2022-07-28,157.35000610351562,AAPL,,,,,
575,AAPL,2022-07-29,0.0,0.0,0.0,2022-07-29,162.50999450683594,AAPL,,,,,
576,AAPL,2022-07-30,0.0,0.0,0.0,,,,,,,,
577,AAPL,2022-07-31,0.0,0.0,0.0,,,,,,,,
578,AAPL,2022-08-01,0.0,0.0,0.0,2022-08-01,161.50999450683594,AAPL,,,,,
579,AAPL,2022-08-02,0.0,0.0,0.0,2022-08-02,160.00999450683594,AAPL,,,,,
580,AAPL,2022-08-03,0.0,0.0,0.0,2022-08-03,166.1300048828125,AAPL,,,,,
581,AAPL,2022-08-04,0.0,0.0,0.0,2022-08-04,165.80999755859375,AAPL,,,,,
582,AAPL,2022-08-05,0.0,0.0,0.0,2022-08-05,165.35000610351562,AAPL,,,,,
583,AAPL,2022-08-06,0.0,0.0,0.0,,,,,,,,
584,AAPL,2022-08-07,0.0,0.0,0.0,,,,,,,,
585,AAPL,2022-08-08,0.0,0.0,0.0,2022-08-08,164.8699951171875,AAPL,,,,,
586,AAPL,2022-08-09,0.0,0.0,0.0,2022-08-09,164.9199981689453,AAPL,,,,,
587,AAPL,2022-08-10,0.0,0.0,0.0,2022-08-10,169.24000549316406,AAPL,,,,,
588,AAPL,2022-08-11,0.0,0.0,0.0,2022-08-11,168.49000549316406,AAPL,,,,,
589,AAPL,2022-08-12,0.0,0.0,0.0,2022-08-12,172.10000610351562,AAPL,,,,,
590,AAPL,2022-08-13,0.0,0.0,0.0,,,,,,,,
591,AAPL,2022-08-14,0.0,0.0,0.0,,,,,,,,
592,AAPL,2022-08-15,0.0,0.0,0.0,2022-08-15,173.19000244140625,AAPL,,,,,
593,AAPL,2022-08-16,0.0,0.0,0.0,2022-08-16,173.02999877929688,AAPL,,,,,
594,AAPL,2022-08-17,0.0,0.0,0.0,2022-08-17,174.5500030517578,AAPL,,,,,
595,AAPL,2022-08-18,0.0,0.0,0.0,2022-08-18,174.14999389648438,AAPL,,,,,
596,AAPL,2022-08-19,0.0,0.0,0.0,2022-08-19,171.52000427246094,AAPL,,,,,
597,AAPL,2022-08-20,0.0,0.0,0.0,,,,,,,,
598,AAPL,2022-08-21,0.0,0.0,0.0,,,,,,,,
599,AAPL,2022-08-22,0.0,0.0,0.0,2022-08-22,167.57000732421875,AAPL,,,,,
600,AAPL,2022-08-23,0.0,0.0,0.0,2022-08-23,167.22999572753906,AAPL,,,,,
601,AAPL,2022-08-24,0.0,0.0,0.0,2022-08-24,167.52999877929688,AAPL,,,,,
602,AAPL,2022-08-25,0.0,0.0,0.0,2022-08-25,170.02999877929688,AAPL,,,,,
603,AAPL,2022-08-26,0.0,0.0,0.0,2022-08-26,163.6199951171875,AAPL,,,,,
604,AAPL,2022-08-27,0.0,0.0,0.0,,,,,,,,
605,AAPL,2022-08-28,0.0,0.0,0.0,,,,,,,,
606,AAPL,2022-08-29,0.0,0.0,0.0,2022-08-29,161.3800048828125,AAPL,,,,,
607,AAPL,2022-08-30,0.0,0.0,0.0,2022-08-30,158.91000366210938,AAPL,,,,,
608,AAPL,2022-08-31,0.0,0.0,0.0,2022-08-31,157.22000122070312,AAPL,,,,,
609,AAPL,2022-09-01,0.0,0.0,0.0,2022-09-01,157.9600067138672,AAPL,,,,,
610,AAPL,2022-09-02,0.0,0.0,0.0,2022-09-02,155.80999755859375,AAPL,,,,,
611,AAPL,2022-09-03,0.0,0.0,0.0,,,,,,,,
612,AAPL,2022-09-04,0.0,0.0,0.0,,,,,,,,
613,AAPL,2022-09-05,0.0,0.0,0.0,,,,,,,,
614,AAPL,2022-09-06,0.0,0.0,0.0,2022-09-06,154.52999877929688,AAPL,,,,,
615,AAPL,2022-09-07,0.0,0.0,0.0,2022-09-07,155.9600067138672,AAPL,,,,,
616,AAPL,2022-09-08,0.0,0.0,0.0,2022-09-08,154.4600067138672,AAPL,,,,,
617,AAPL,2022-09-09,0.0,0.0,0.0,2022-09-09,157.3699951171875,AAPL,,,,,
618,AAPL,2022-09-10,0.0,0.0,0.0,,,,,,,,
619,AAPL,2022-09-11,0.0,0.0,0.0,,,,,,,,
620,AAPL,2022-09-12,0.0,0.0,0.0,2022-09-12,163.42999267578125,AAPL,,,,,
621,AAPL,2022-09-13,0.0,0.0,0.0,2022-09-13,153.83999633789062,AAPL,,,,,
622,AAPL,2022-09-14,0.0,0.0,0.0,2022-09-14,155.30999755859375,AAPL,,,,,
623,AAPL,2022-09-15,0.0,0.0,0.0,2022-09-15,152.3699951171875,AAPL,,,,,
624,AAPL,2022-09-16,0.0,0.0,0.0,2022-09-16,150.6999969482422,AAPL,,,,,
625,AAPL,2022-09-17,0.0,0.0,0.0,,,,,,,,
626,AAPL,2022-09-18,0.0,0.0,0.0,,,,,,,,
627,AAPL,2022-09-19,0.0,0.0,0.0,2022-09-19,154.47999572753906,AAPL,,,,,
628,AAPL,2022-09-20,0.0,0.0,0.0,2022-09-20,156.89999389648438,AAPL,,,,,
629,AAPL,2022-09-21,0.0,0.0,0.0,2022-09-21,153.72000122070312,AAPL,,,,,
630,AAPL,2022-09-22,0.0,0.0,0.0,2022-09-22,152.74000549316406,AAPL,,,,,
631,AAPL,2022-09-23,0.0,0.0,0.0,2022-09-23,150.42999267578125,AAPL,,,,,
632,AAPL,2022-09-24,0.0,0.0,0.0,,,,,,,,
633,AAPL,2022-09-25,0.0,0.0,0.0,,,,,,,,
634,AAPL,2022-09-26,0.0,0.0,0.0,2022-09-26,150.77000427246094,AAPL,,,,,
635,AAPL,2022-09-27,0.0,0.0,0.0,2022-09-27,151.75999450683594,AAPL,,,,,
636,AAPL,2022-09-28,0.0,0.0,0.0,2022-09-28,149.83999633789062,AAPL,,,,,
637,AAPL,2022-09-29,0.0,0.0,0.0,2022-09-29,142.47999572753906,AAPL,,,,,
638,AAPL,2022-09-30,0.0,0.0,0.0,2022-09-30,138.1999969482422,AAPL,,,,,
639,AAPL,2022-10-01,0.0,0.0,0.0,,,,,,,,
640,AAPL,2022-10-02,0.0,0.0,0.0,,,,,,,,
641,AAPL,2022-10-03,0.0,0.0,0.0,2022-10-03,142.4499969482422,AAPL,,,,,
642,AAPL,2022-10-04,0.0,0.0,0.0,2022-10-04,146.10000610351562,AAPL,,,,,
643,AAPL,2022-10-05,0.0,0.0,0.0,2022-10-05,146.39999389648438,AAPL,,,,,
644,AAPL,2022-10-06,0.0,0.0,0.0,2022-10-06,145.42999267578125,AAPL,,,,,
645,AAPL,2022-10-07,0.0,0.0,0.0,2022-10-07,140.08999633789062,AAPL,,,,,
646,AAPL,2022-10-08,0.0,0.0,0.0,,,,,,,,
647,AAPL,2022-10-09,0.0,0.0,0.0,,,,,,,,
648,AAPL,2022-10-10,0.0,0.0,0.0,2022-10-10,140.4199981689453,AAPL,,,,,
649,AAPL,2022-10-11,0.0,0.0,0.0,2022-10-11,138.97999572753906,AAPL,,,,,
650,AAPL,2022-10-12,0.0,0.0,0.0,2022-10-12,138.33999633789062,AAPL,,,,,
651,AAPL,2022-10-13,0.0,0.0,0.0,2022-10-13,142.99000549316406,AAPL,,,,,
652,AAPL,2022-10-14,0.0,0.0,0.0,2022-10-14,138.3800048828125,AAPL,,,,,
653,AAPL,2022-10-15,0.0,0.0,0.0,,,,,,,,
654,AAPL,2022-10-16,0.0,0.0,0.0,,,,,,,,
655,AAPL,2022-10-17,0.0,0.0,0.0,2022-10-17,142.41000366210938,AAPL,,,,,
656,AAPL,2022-10-18,0.0,0.0,0.0,2022-10-18,143.75,AAPL,,,,,
657,AAPL,2022-10-19,0.0,0.0,0.0,2022-10-19,143.86000061035156,AAPL,,,,,
658,AAPL,2022-10-20,0.0,0.0,0.0,2022-10-20,143.38999938964844,AAPL,,,,,
659,AAPL,2022-10-21,0.0,0.0,0.0,2022-10-21,147.27000427246094,AAPL,,,,,
660,AAPL,2022-10-22,0.0,0.0,0.0,,,,,,,,
661,AAPL,2022-10-23,0.0,0.0,0.0,,,,,,,,
662,AAPL,2022-10-24,0.0,0.0,0.0,2022-10-24,149.4499969482422,AAPL,,,,,
663,AAPL,2022-10-25,0.0,0.0,0.0,2022-10-25,152.33999633789062,AAPL,,,,,
664,AAPL,2022-10-26,0.0,0.0,0.0,2022-10-26,149.35000610351562,AAPL,,,,,
665,AAPL,2022-10-27,0.0,0.0,0.0,2022-10-27,144.8000030517578,AAPL,,,,,
666,AAPL,2022-10-28,0.0,0.0,0.0,2022-10-28,155.74000549316406,AAPL,,,,,
667,AAPL,2022-10-29,0.0,0.0,0.0,,,,,,,,
668,AAPL,2022-10-30,0.0,0.0,0.0,,,,,,,,
669,AAPL,2022-10-31,0.0,0.0,0.0,2022-10-31,153.33999633789062,AAPL,,,,,
670,AAPL,2022-11-01,0.0,0.0,0.0,2022-11-01,150.64999389648438,AAPL,,,,,
671,AAPL,2022-11-02,0.0,0.0,0.0,2022-11-02,145.02999877929688,AAPL,,,,,
672,AAPL,2022-11-03,0.0,0.0,0.0,2022-11-03,138.8800048828125,AAPL,,,,,
673,AAPL,2022-11-04,0.0,0.0,0.0,2022-11-04,138.3800048828125,AAPL,,,,,
674,AAPL,2022-11-05,0.0,0.0,0.0,,,,,,,,
675,AAPL,2022-11-06,0.0,0.0,0.0,,,,,,,,
676,AAPL,2022-11-07,0.0,0.0,0.0,2022-11-07,138.9199981689453,AAPL,,,,,
677,AAPL,2022-11-08,0.0,0.0,0.0,2022-11-08,139.5,AAPL,,,,,
678,AAPL,2022-11-09,0.0,0.0,0.0,2022-11-09,134.8699951171875,AAPL,,,,,
679,AAPL,2022-11-10,0.0,0.0,0.0,2022-11-10,146.8699951171875,AAPL,,,,,
680,AAPL,2022-11-11,0.0,0.0,0.0,2022-11-11,149.6999969482422,AAPL,,,,,
681,AAPL,2022-11-12,0.0,0.0,0.0,,,,,,,,
682,AAPL,2022-11-13,0.0,0.0,0.0,,,,,,,,
683,AAPL,2022-11-14,0.0,0.0,0.0,2022-11-14,148.27999877929688,AAPL,,,,,
684,AAPL,2022-11-15,0.0,0.0,0.0,2022-11-15,150.0399932861328,AAPL,,,,,
685,AAPL,2022-11-16,0.0,0.0,0.0,2022-11-16,148.7899932861328,AAPL,,,,,
686,AAPL,2022-11-17,0.0,0.0,0.0,2022-11-17,150.72000122070312,AAPL,,,,,
687,AAPL,2022-11-18,0.0,0.0,0.0,2022-11-18,151.2899932861328,AAPL,,,,,
688,AAPL,2022-11-19,0.0,0.0,0.0,,,,,,,,
689,AAPL,2022-11-20,0.0,0.0,0.0,,,,,,,,
690,AAPL,2022-11-21,0.0,0.0,0.0,2022-11-21,148.00999450683594,AAPL,,,,,
691,AAPL,2022-11-22,0.0,0.0,0.0,2022-11-22,150.17999267578125,AAPL,,,,,
692,AAPL,2022-11-23,0.0,0.0,0.0,2022-11-23,151.07000732421875,AAPL,,,,,
693,AAPL,2022-11-24,0.0,0.0,0.0,,,,,,,,
694,AAPL,2022-11-25,0.0,0.0,0.0,2022-11-25,148.11000061035156,AAPL,,,,,
695,AAPL,2022-11-26,0.0,0.0,0.0,,,,,,,,
696,AAPL,2022-11-27,0.0,0.0,0.0,,,,,,,,
697,AAPL,2022-11-28,0.0,0.0,0.0,2022-11-28,144.22000122070312,AAPL,,,,,
698,AAPL,2022-11-29,0.0,0.0,0.0,2022-11-29,141.1699981689453,AAPL,,,,,
699,AAPL,2022-11-30,0.0,0.0,0.0,2022-11-30,148.02999877929688,AAPL,,,,,
700,AAPL,2022-12-01,0.0,0.0,0.0,2022-12-01,148.30999755859375,AAPL,,,,,
701,AAPL,2022-12-02,0.0,0.0,0.0,2022-12-02,147.80999755859375,AAPL,,,,,
702,AAPL,2022-12-03,0.0,0.0,0.0,,,,,,,,
703,AAPL,2022-12-04,0.0,0.0,0.0,,,,,,,,
704,AAPL,2022-12-05,0.0,0.0,0.0,2022-12-05,146.6300048828125,AAPL,,,,,
705,AAPL,2022-12-06,0.0,0.0,0.0,2022-12-06,142.91000366210938,AAPL,,,,,
706,AAPL,2022-12-07,0.0,0.0,0.0,2022-12-07,140.94000244140625,AAPL,,,,,
707,AAPL,2022-12-08,0.0,0.0,0.0,2022-12-08,142.55999755859375,AAPL,,,,,
708,AAPL,2022-12-09,0.0,0.0,0.0,,,,,,,,
709,AAPL,2022-12-10,0.0,0.0,0.0,,,,,,,,
710,AAPL,2022-12-11,0.0,0.0,0.0,,,,,,,,
711,AAPL,2022-12-12,0.0,0.0,0.0,,,,,,,,
712,AAPL,2022-12-13,0.0,0.0,0.0,,,,,,,,
713,AAPL,2022-12-14,0.0,0.0,0.0,,,,,,,,
714,AAPL,2022-12-15,0.0,0.0,0.0,,,,,,,,
715,AAPL,2022-12-16,0.0,0.0,0.0,,,,,,,,
716,AAPL,2022-12-17,0.0,0.0,0.0,,,,,,,,
717,AAPL,2022-12-18,0.0,0.0,0.0,,,,,,,,
718,AAPL,2022-12-19,0.0,0.0,0.0,,,,,,,,
719,AAPL,2022-12-20,0.0,0.0,0.0,,,,,,,,
720,AAPL,2022-12-21,0.0,0.0,0.0,,,,,,,,
721,AAPL,2022-12-22,0.0,0.0,0.0,,,,,,,,
722,AAPL,2022-12-23,0.0,0.0,0.0,,,,,,,,
723,AAPL,2022-12-24,0.0,0.0,0.0,,,,,,,,
724,AAPL,2022-12-25,0.0,0.0,0.0,,,,,,,,
725,AAPL,2022-12-26,0.0,0.0,0.0,,,,,,,,
726,AAPL,2022-12-27,0.0,0.0,0.0,,,,,,,,
727,AAPL,2022-12-28,0.0,0.0,0.0,,,,,,,,
728,AAPL,2022-12-29,0.0,0.0,0.0,,,,,,,,
729,AAPL,2022-12-30,0.0,0.0,0.0,,,,,,,,
730,T,2021-01-01,0.0,0.0,0.0,,,,,,,2022-04-10,0.0
731,T,2021-01-02,0.0,0.0,0.0,,,,,,,2022-04-10,0.0
732,T,2021-01-03,0.0,0.0,0.0,,,,,,,2022-04-10,0.0
733,T,2021-01-04,0.0,0.0,0.0,2021-01-04,22.23564910888672,T,,,,2022-04-10,0.0
734,T,2021-01-05,0.0,0.0,0.0,2021-01-05,22.09969711303711,T,,,,2022-04-10,0.0
735,T,2021-01-06,0.0,0.0,0.0,2021-01-06,22.530210494995117,T,,,,2022-04-10,0.0
736,T,2021-01-07,0.0,0.0,0.0,2021-01-07,22.590633392333984,T,,,,2022-04-10,0.0
737,T,2021-01-08,0.0,0.0,0.0,2021-01-08,21.918428421020508,T,,,,2022-04-10,0.0
738,T,2021-01-09,0.0,0.0,0.0,,,,,,,2022-04-10,0.0
739,T,2021-01-10,0.0,0.0,0.0,,,,,,,2022-04-10,0.0
740,T,2021-01-11,0.0,0.0,0.0,2021-01-11,21.80513572692871,T,,,,2022-04-10,0.0
741,T,2021-01-12,0.0,0.0,0.0,2021-01-12,21.714502334594727,T,,,,2022-04-10,0.0
742,T,2021-01-13,0.0,0.0,0.0,2021-01-13,21.608760833740234,T,,,,2022-04-10,0.0
743,T,2021-01-14,0.0,0.0,0.0,2021-01-14,22.122356414794922,T,,,,2022-04-10,0.0
744,T,2021-01-15,0.0,0.0,0.0,2021-01-15,22.031721115112305,T,,,,2022-04-10,0.0
745,T,2021-01-16,0.0,0.0,0.0,,,,,,,2022-04-10,0.0
746,T,2021-01-17,0.0,0.0,0.0,,,,,,,2022-04-10,0.0
747,T,2021-01-18,0.0,0.0,0.0,,,,,,,2022-04-10,0.0
748,T,2021-01-19,0.0,0.0,0.0,2021-01-19,21.865558624267578,T,,,,2022-04-10,0.0
749,T,2021-01-20,0.0,0.0,0.0,2021-01-20,21.873111724853516,T,,,,2022-04-10,0.0
750,T,2021-01-21,0.0,0.0,0.0,2021-01-21,21.77492332458496,T,,,,2022-04-10,0.0
751,T,2021-01-22,0.0,0.0,0.0,2021-01-22,21.850452423095703,T,,,,2022-04-10,0.0
752,T,2021-01-23,0.0,0.0,0.0,,,,,,,2022-04-10,0.0
753,T,2021-01-24,0.0,0.0,0.0,,,,,,,2022-04-10,0.0
754,T,2021-01-25,0.0,0.0,0.0,2021-01-25,21.986404418945312,T,,,,2022-04-10,0.0
755,T,2021-01-26,0.0,0.0,0.0,2021-01-26,22.469789505004883,T,,,,2022-04-10,0.0
756,T,2021-01-27,0.0,0.0,0.0,2021-01-27,22.009063720703125,T,,,,2022-04-10,0.0
757,T,2021-01-28,0.0,0.0,0.0,2021-01-28,21.75226593017578,T,,,,2022-04-10,0.0
758,T,2021-01-29,0.0,0.0,0.0,2021-01-29,21.62386703491211,T,,,,2022-04-10,0.0
759,T,2021-01-30,0.0,0.0,0.0,,,,,,,2022-04-10,0.0
760,T,2021-01-31,0.0,0.0,0.0,,,,,,,2022-04-10,0.0
761,T,2021-02-01,0.0,0.0,0.0,2021-02-01,21.638973236083984,T,,,,2022-04-10,0.0
762,T,2021-02-02,0.0,0.0,0.0,2021-02-02,21.555891036987305,T,,,,2022-04-10,0.0
763,T,2021-02-03,0.0,0.0,0.0,2021-02-03,21.533233642578125,T,,,,2022-04-10,0.0
764,T,2021-02-04,0.0,0.0,0.0,2021-02-04,21.820241928100586,T,,,,2022-04-10,0.0
765,T,2021-02-05,0.0,0.0,0.0,2021-02-05,21.850452423095703,T,,,,2022-04-10,0.0
766,T,2021-02-06,0.0,0.0,0.0,,,,,,,2022-04-10,0.0
767,T,2021-02-07,0.0,0.0,0.0,,,,,,,2022-04-10,0.0
768,T,2021-02-08,0.0,0.0,0.0,2021-02-08,21.72960662841797,T,,,,2022-04-10,0.0
769,T,2021-02-09,0.0,0.0,0.0,2021-02-09,21.616313934326172,T,,,,2022-04-10,0.0
770,T,2021-02-10,0.0,0.0,0.0,2021-02-10,21.563444137573242,T,,,,2022-04-10,0.0
771,T,2021-02-11,0.0,0.0,0.0,2021-02-11,21.6691837310791,T,,,,2022-04-10,0.0
772,T,2021-02-12,0.0,0.0,0.0,2021-02-12,21.75226593017578,T,,,,2022-04-10,0.0
773,T,2021-02-13,0.0,0.0,0.0,,,,,,,2022-04-10,0.0
774,T,2021-02-14,0.0,0.0,0.0,,,,,,,2022-04-10,0.0
775,T,2021-02-15,0.0,0.0,0.0,,,,,,,2022-04-10,0.0
776,T,2021-02-16,0.0,0.0,0.0,2021-02-16,21.880664825439453,T,,,,2022-04-10,0.0
777,T,2021-02-17,0.0,0.0,0.0,2021-02-17,22.333837509155273,T,,,,2022-04-10,0.0
778,T,2021-02-18,0.0,0.0,0.0,2021-02-18,22.07703971862793,T,,,,2022-04-10,0.0
779,T,2021-02-19,0.0,0.0,0.0,2021-02-19,21.903322219848633,T,,,,2022-04-10,0.0
780,T,2021-02-20,0.0,0.0,0.0,,,,,,,2022-04-10,0.0
781,T,2021-02-21,0.0,0.0,0.0,,,,,,,2022-04-10,0.0
782,T,2021-02-22,0.0,0.0,0.0,2021-02-22,22.145015716552734,T,,,,2022-04-10,0.0
783,T,2021-02-23,0.0,0.0,0.0,2021-02-23,22.039274215698242,T,,,,2022-04-10,0.0
784,T,2021-02-24,0.0,0.0,0.0,2021-02-24,22.190332412719727,T,,,,2022-04-10,0.0
785,T,2021-02-25,0.0,0.0,0.0,2021-02-25,21.62386703491211,T,,,,2022-04-10,0.0
786,T,2021-02-26,0.0,0.0,0.0,2021-02-26,21.06495475769043,T,,,,2022-04-10,0.0
787,T,2021-02-27,0.0,0.0,0.0,,,,,,,2022-04-10,0.0
788,T,2021-02-28,0.0,0.0,0.0,,,,,,,2022-04-10,0.0
789,T,2021-03-01,0.0,0.0,0.0,2021-03-01,21.21601104736328,T,,,,2022-04-10,0.0
790,T,2021-03-02,0.0,0.0,0.0,2021-03-02,21.314199447631836,T,,,,2022-04-10,0.0
791,T,2021-03-03,0.0,0.0,0.0,2021-03-03,21.691843032836914,T,,,,2022-04-10,0.0
792,T,2021-03-04,0.0,0.0,0.0,2021-03-04,21.842899322509766,T,,,,2022-04-10,0.0
793,T,2021-03-05,0.0,0.0,0.0,2021-03-05,22.371601104736328,T,,,,2022-04-10,0.0
794,T,2021-03-06,0.0,0.0,0.0,,,,,,,2022-04-10,0.0
795,T,2021-03-07,0.0,0.0,0.0,,,,,,,2022-04-10,0.0
796,T,2021-03-08,0.0,0.0,0.0,2021-03-08,22.65105628967285,T,,,,2022-04-10,0.0
797,T,2021-03-09,0.0,0.0,0.0,2021-03-09,22.386707305908203,T,,,,2022-04-10,0.0
798,T,2021-03-10,0.0,0.0,0.0,2021-03-10,22.65105628967285,T,,,,2022-04-10,0.0
799,T,2021-03-11,0.0,0.0,0.0,2021-03-11,22.31117820739746,T,,,,2022-04-10,0.0
800,T,2021-03-12,0.0,0.0,0.0,2021-03-12,22.515106201171875,T,,,,2022-04-10,0.0
801,T,2021-03-13,0.0,0.0,0.0,,,,,,,2022-04-10,0.0
802,T,2021-03-14,0.0,0.0,0.0,,,,,,,2022-04-10,0.0
803,T,2021-03-15,0.0,0.0,0.0,2021-03-15,22.60573959350586,T,,,,2022-04-10,0.0
804,T,2021-03-16,0.0,0.0,0.0,2021-03-16,22.65105628967285,T,,,,2022-04-10,0.0
805,T,2021-03-17,0.0,0.0,0.0,2021-03-17,22.771902084350586,T,,,,2022-04-10,0.0
806,T,2021-03-18,0.0,0.0,0.0,2021-03-18,22.666162490844727,T,,,,2022-04-10,0.0
807,T,2021-03-19,0.0,0.0,0.0,2021-03-19,22.477340698242188,T,,,,2022-04-10,0.0
808,T,2021-03-20,0.0,0.0,0.0,,,,,,,2022-04-10,0.0
809,T,2021-03-21,0.0,0.0,0.0,,,,,,,2022-04-10,0.0
810,T,2021-03-22,0.0,0.0,0.0,2021-03-22,22.65105628967285,T,,,,2022-04-10,0.0
811,T,2021-03-23,0.0,0.0,0.0,2021-03-23,22.65860939025879,T,,,,2022-04-10,0.0
812,T,2021-03-24,0.0,0.0,0.0,2021-03-24,22.65105628967285,T,,,,2022-04-10,0.0
813,T,2021-03-25,0.0,0.0,0.0,2021-03-25,22.719032287597656,T,,,,2022-04-10,0.0
814,T,2021-03-26,0.0,0.0,0.0,2021-03-26,22.892749786376953,T,,,,2022-04-10,0.0
815,T,2021-03-27,0.0,0.0,0.0,,,,,,,2022-04-10,0.0
816,T,2021-03-28,0.0,0.0,0.0,,,,,,,2022-04-10,0.0
817,T,2021-03-29,0.0,0.0,0.0,2021-03-29,23.081571578979492,T,,,,2022-04-10,0.0
818,T,2021-03-30,0.0,0.0,0.0,2021-03-30,23.209970474243164,T,,,,2022-04-10,0.0
819,T,2021-03-31,0.0,0.0,0.0,2021-03-31,22.862537384033203,T,,,,2022-04-10,0.0
820,T,2021-04-01,0.0,0.0,0.0,2021-04-01,23.013595581054688,T,,,,2022-04-10,0.0
821,T,2021-04-02,0.0,0.0,0.0,,,,,,,2022-04-10,0.0
822,T,2021-04-03,0.0,0.0,0.0,,,,,,,2022-04-10,0.0
823,T,2021-04-04,0.0,0.0,0.0,,,,,,,2022-04-10,0.0
824,T,2021-04-05,0.0,0.0,0.0,2021-04-05,23.19486427307129,T,,,,2022-04-10,0.0
825,T,2021-04-06,0.0,0.0,0.0,2021-04-06,23.398792266845703,T,,,,2022-04-10,0.0
826,T,2021-04-07,0.0,0.0,0.0,2021-04-07,23.361026763916016,T,,,,2022-04-10,0.0
827,T,2021-04-08,0.0,0.0,0.0,2021-04-08,22.65860939025879,T,,,,2022-04-10,0.0
828,T,2021-04-09,0.0,0.0,0.0,2021-04-09,22.68882179260254,T,,,,2022-04-10,0.0
829,T,2021-04-10,0.0,0.0,0.0,,,,,,,2022-04-10,0.0
830,T,2021-04-11,0.0,0.0,0.0,,,,,,,2022-04-10,0.0
831,T,2021-04-12,0.0,0.0,0.0,2021-04-12,22.628398895263672,T,,,,2022-04-10,0.0
832,T,2021-04-13,0.0,0.0,0.0,2021-04-13,22.379154205322266,T,,,,2022-04-10,0.0
833,T,2021-04-14,0.0,0.0,0.0,2021-04-14,22.454683303833008,T,,,,2022-04-10,0.0
834,T,2021-04-15,0.0,0.0,0.0,2021-04-15,22.469789505004883,T,,,,2022-04-10,0.0
835,T,2021-04-16,0.0,0.0,0.0,2021-04-16,22.620845794677734,T,,,,2022-04-10,0.0
836,T,2021-04-17,0.0,0.0,0.0,,,,,,,2022-04-10,0.0
837,T,2021-04-18,0.0,0.0,0.0,,,,,,,2022-04-10,0.0
838,T,2021-04-19,0.0,0.0,0.0,2021-04-19,22.65105628967285,T,,,,2022-04-10,0.0
839,T,2021-04-20,0.0,0.0,0.0,2021-04-20,22.575529098510742,T,,,,2022-04-10,0.0
840,T,2021-04-21,0.0,0.0,0.0,2021-04-21,22.74169158935547,T,,,,2022-04-10,0.0
841,T,2021-04-22,0.0,0.0,0.0,2021-04-22,23.685800552368164,T,,,,2022-04-10,0.0
842,T,2021-04-23,0.0,0.0,0.0,2021-04-23,23.71601104736328,T,,,,2022-04-10,0.0
843,T,2021-04-24,0.0,0.0,0.0,,,,,,,2022-04-10,0.0
844,T,2021-04-25,0.0,0.0,0.0,,,,,,,2022-04-10,0.0
845,T,2021-04-26,0.0,0.0,0.0,2021-04-26,23.34592056274414,T,,,,2022-04-10,0.0
846,T,2021-04-27,0.0,0.0,0.0,2021-04-27,23.24018096923828,T,,,,2022-04-10,0.0
847,T,2021-04-28,0.0,0.0,0.0,2021-04-28,23.383686065673828,T,,,,2022-04-10,0.0
848,T,2021-04-29,0.0,0.0,0.0,2021-04-29,23.67069435119629,T,,,,2022-04-10,0.0
849,T,2021-04-30,0.0,0.0,0.0,2021-04-30,23.72356414794922,T,,,,2022-04-10,0.0
850,T,2021-05-01,0.0,0.0,0.0,,,,,,,2022-04-10,0.0
851,T,2021-05-02,0.0,0.0,0.0,,,,,,,2022-04-10,0.0
852,T,2021-05-03,0.0,0.0,0.0,2021-05-03,23.791540145874023,T,,,,2022-04-10,0.0
853,T,2021-05-04,0.0,0.0,0.0,2021-05-04,24.184289932250977,T,,,,2022-04-10,0.0
854,T,2021-05-05,0.0,0.0,0.0,2021-05-05,24.191843032836914,T,,,,2022-04-10,0.0
855,T,2021-05-06,0.0,0.0,0.0,2021-05-06,24.478851318359375,T,,,,2022-04-10,0.0
856,T,2021-05-07,0.0,0.0,0.0,2021-05-07,24.290029525756836,T,,,,2022-04-10,0.0
857,T,2021-05-08,0.0,0.0,0.0,,,,,,,2022-04-10,0.0
858,T,2021-05-09,0.0,0.0,0.0,,,,,,,2022-04-10,0.0
859,T,2021-05-10,0.0,0.0,0.0,2021-05-10,24.645015716552734,T,,,,2022-04-10,0.0
860,T,2021-05-11,0.0,0.0,0.0,2021-05-11,24.365558624267578,T,,,,2022-04-10,0.0
861,T,2021-05-12,0.0,0.0,0.0,2021-05-12,24.146526336669922,T,,,,2022-04-10,0.0
862,T,2021-05-13,0.0,0.0,0.0,2021-05-13,24.327795028686523,T,,,,2022-04-10,0.0
863,T,2021-05-14,0.0,0.0,0.0,2021-05-14,24.350452423095703,T,,,,2022-04-10,0.0
864,T,2021-05-15,0.0,0.0,0.0,,,,,,,2022-04-10,0.0
865,T,2021-05-16,0.0,0.0,0.0,,,,,,,2022-04-10,0.0
866,T,2021-05-17,0.0,0.0,0.0,2021-05-17,23.6933536529541,T,,,,2022-04-10,0.0
867,T,2021-05-18,0.0,0.0,0.0,2021-05-18,22.3187313079834,T,,,,2022-04-10,0.0
868,T,2021-05-19,0.0,0.0,0.0,2021-05-19,21.873111724853516,T,,,,2022-04-10,0.0
869,T,2021-05-20,0.0,0.0,0.0,2021-05-20,22.386707305908203,T,,,,2022-04-10,0.0
870,T,2021-05-21,0.0,0.0,0.0,2021-05-21,22.666162490844727,T,,,,2022-04-10,0.0
871,T,2021-05-22,0.0,0.0,0.0,,,,,,,2022-04-10,0.0
872,T,2021-05-23,0.0,0.0,0.0,,,,,,,2022-04-10,0.0
873,T,2021-05-24,0.0,0.0,0.0,2021-05-24,22.469789505004883,T,,,,2022-04-10,0.0
874,T,2021-05-25,0.0,0.0,0.0,2021-05-25,22.29607391357422,T,,,,2022-04-10,0.0
875,T,2021-05-26,0.0,0.0,0.0,2021-05-26,22.3187313079834,T,,,,2022-04-10,0.0
876,T,2021-05-27,0.0,0.0,0.0,2021-05-27,22.439577102661133,T,,,,2022-04-10,0.0
877,T,2021-05-28,0.0,0.0,0.0,2021-05-28,22.228097915649414,T,,,,2022-04-10,0.0
878,T,2021-05-29,0.0,0.0,0.0,,,,,,,2022-04-10,0.0
879,T,2021-05-30,0.0,0.0,0.0,,,,,,,2022-04-10,0.0
880,T,2021-05-31,0.0,0.0,0.0,,,,,,,2022-04-10,0.0
881,T,2021-06-01,0.0,0.0,0.0,2021-06-01,22.145015716552734,T,,,,2022-04-10,0.0
882,T,2021-06-02,0.0,0.0,0.0,2021-06-02,22.36404800415039,T,,,,2022-04-10,0.0
883,T,2021-06-03,0.0,0.0,0.0,2021-06-03,22.07703971862793,T,,,,2022-04-10,0.0
884,T,2021-06-04,0.0,0.0,0.0,2021-06-04,22.107250213623047,T,,,,2022-04-10,0.0
885,T,2021-06-05,0.0,0.0,0.0,,,,,,,2022-04-10,0.0
886,T,2021-06-06,0.0,0.0,0.0,,,,,,,2022-04-10,0.0
887,T,2021-06-07,0.0,0.0,0.0,2021-06-07,21.9637451171875,T,,,,2022-04-10,0.0
888,T,2021-06-08,0.0,0.0,0.0,2021-06-08,21.88821792602539,T,,,,2022-04-10,0.0
889,T,2021-06-09,0.0,0.0,0.0,2021-06-09,21.91087532043457,T,,,,2022-04-10,0.0
890,T,2021-06-10,0.0,0.0,0.0,2021-06-10,22.039274215698242,T,,,,2022-04-10,0.0
891,T,2021-06-11,0.0,0.0,0.0,2021-06-11,22.145015716552734,T,,,,2022-04-10,0.0
892,T,2021-06-12,0.0,0.0,0.0,,,,,,,2022-04-10,0.0
893,T,2021-06-13,0.0,0.0,0.0,,,,,,,2022-04-10,0.0
894,T,2021-06-14,0.0,0.0,0.0,2021-06-14,21.971298217773438,T,,,,2022-04-10,0.0
895,T,2021-06-15,0.0,0.0,0.0,2021-06-15,22.114803314208984,T,,,,2022-04-10,0.0
896,T,2021-06-16,0.0,0.0,0.0,2021-06-16,21.948640823364258,T,,,,2022-04-10,0.0
897,T,2021-06-17,0.0,0.0,0.0,2021-06-17,21.70694923400879,T,,,,2022-04-10,0.0
898,T,2021-06-18,0.0,0.0,0.0,2021-06-18,21.638973236083984,T,,,,2022-04-10,0.0
899,T,2021-06-19,0.0,0.0,0.0,,,,,,,2022-04-10,0.0
900,T,2021-06-20,0.0,0.0,0.0,,,,,,,2022-04-10,0.0
901,T,2021-06-21,0.0,0.0,0.0,2021-06-21,21.850452423095703,T,,,,2022-04-10,0.0
902,T,2021-06-22,0.0,0.0,0.0,2021-06-22,21.737159729003906,T,,,,2022-04-10,0.0
903,T,2021-06-23,0.0,0.0,0.0,2021-06-23,21.638973236083984,T,,,,2022-04-10,0.0
904,T,2021-06-24,0.0,0.0,0.0,2021-06-24,21.744712829589844,T,,,,2022-04-10,0.0
905,T,2021-06-25,0.0,0.0,0.0,2021-06-25,21.820241928100586,T,,,,2022-04-10,0.0
906,T,2021-06-26,0.0,0.0,0.0,,,,,,,2022-04-10,0.0
907,T,2021-06-27,0.0,0.0,0.0,,,,,,,2022-04-10,0.0
908,T,2021-06-28,0.0,0.0,0.0,2021-06-28,21.737159729003906,T,,,,2022-04-10,0.0
909,T,2021-06-29,0.0,0.0,0.0,2021-06-29,21.646526336669922,T,,,,2022-04-10,0.0
910,T,2021-06-30,0.0,0.0,0.0,2021-06-30,21.737159729003906,T,,,,2022-04-10,0.0
911,T,2021-07-01,0.0,0.0,0.0,2021-07-01,21.986404418945312,T,,,,2022-04-10,0.0
912,T,2021-07-02,0.0,0.0,0.0,2021-07-02,22.07703971862793,T,,,,2022-04-10,0.0
913,T,2021-07-03,0.0,0.0,0.0,,,,,,,2022-04-10,0.0
914,T,2021-07-04,0.0,0.0,0.0,,,,,,,2022-04-10,0.0
915,T,2021-07-05,0.0,0.0,0.0,,,,,,,2022-04-10,0.0
916,T,2021-07-06,0.0,0.0,0.0,2021-07-06,21.918428421020508,T,,,,2022-04-10,0.0
917,T,2021-07-07,0.0,0.0,0.0,2021-07-07,21.850452423095703,T,,,,2022-04-10,0.0
918,T,2021-07-08,0.0,0.0,0.0,2021-07-08,21.28398895263672,T,,,,2022-04-10,0.0
919,T,2021-07-09,0.0,0.0,0.0,2021-07-09,21.4879150390625,T,,,,2022-04-10,0.0
920,T,2021-07-10,0.0,0.0,0.0,,,,,,,2022-04-10,0.0
921,T,2021-07-11,0.0,0.0,0.0,,,,,,,2022-04-10,0.0
922,T,2021-07-12,0.0,0.0,0.0,2021-07-12,21.510574340820312,T,,,,2022-04-10,0.0
923,T,2021-07-13,0.0,0.0,0.0,2021-07-13,21.351964950561523,T,,,,2022-04-10,0.0
924,T,2021-07-14,0.0,0.0,0.0,2021-07-14,21.344411849975586,T,,,,2022-04-10,0.0
925,T,2021-07-15,0.0,0.0,0.0,2021-07-15,21.472810745239258,T,,,,2022-04-10,0.0
926,T,2021-07-16,0.0,0.0,0.0,2021-07-16,21.404834747314453,T,,,,2022-04-10,0.0
927,T,2021-07-17,0.0,0.0,0.0,,,,,,,2022-04-10,0.0
928,T,2021-07-18,0.0,0.0,0.0,,,,,,,2022-04-10,0.0
929,T,2021-07-19,0.0,0.0,0.0,2021-07-19,20.989425659179688,T,,,,2022-04-10,0.0
930,T,2021-07-20,0.0,0.0,0.0,2021-07-20,21.080059051513672,T,,,,2022-04-10,0.0
931,T,2021-07-21,0.0,0.0,0.0,2021-07-21,21.072507858276367,T,,,,2022-04-10,0.0
932,T,2021-07-22,0.0,0.0,0.0,2021-07-22,21.155588150024414,T,,,,2022-04-10,0.0
933,T,2021-07-23,0.0,0.0,0.0,2021-07-23,21.261329650878906,T,,,,2022-04-10,0.0
934,T,2021-07-24,0.0,0.0,0.0,,,,,,,2022-04-10,0.0
935,T,2021-07-25,0.0,0.0,0.0,,,,,,,2022-04-10,0.0
936,T,2021-07-26,0.0,0.0,0.0,2021-07-26,21.28398895263672,T,,,,2022-04-10,0.0
937,T,2021-07-27,0.0,0.0,0.0,2021-07-27,21.29909324645996,T,,,,2022-04-10,0.0
938,T,2021-07-28,0.0,0.0,0.0,2021-07-28,21.155588150024414,T,,,,2022-04-10,0.0
939,T,2021-07-29,0.0,0.0,0.0,2021-07-29,21.367069244384766,T,,,,2022-04-10,0.0
940,T,2021-07-30,0.0,0.0,0.0,2021-07-30,21.185800552368164,T,,,,2022-04-10,0.0
941,T,2021-07-31,0.0,0.0,0.0,,,,,,,2022-04-10,0.0
942,T,2021-08-01,0.0,0.0,0.0,,,,,,,2022-04-10,0.0
943,T,2021-08-02,0.0,0.0,0.0,2021-08-02,21.231117248535156,T,,,,2022-04-10,0.0
944,T,2021-08-03,0.0,0.0,0.0,2021-08-03,21.291540145874023,T,,,,2022-04-10,0.0
945,T,2021-08-04,0.0,0.0,0.0,2021-08-04,21.03474235534668,T,,,,2022-04-10,0.0
946,T,2021-08-05,0.0,0.0,0.0,2021-08-05,21.102718353271484,T,,,,2022-04-10,0.0
947,T,2021-08-06,0.0,0.0,0.0,2021-08-06,21.11782455444336,T,,,,2022-04-10,0.0
948,T,2021-08-07,0.0,0.0,0.0,,,,,,,2022-04-10,0.0
949,T,2021-08-08,0.0,0.0,0.0,,,,,,,2022-04-10,0.0
950,T,2021-08-09,0.0,0.0,0.0,2021-08-09,21.03474235534668,T,,,,2022-04-10,0.0
951,T,2021-08-10,0.0,0.0,0.0,2021-08-10,21.21601104736328,T,,,,2022-04-10,0.0
952,T,2021-08-11,0.0,0.0,0.0,2021-08-11,21.268882751464844,T,,,,2022-04-10,0.0
953,T,2021-08-12,0.0,0.0,0.0,2021-08-12,21.16314125061035,T,,,,2022-04-10,0.0
954,T,2021-08-13,0.0,0.0,0.0,2021-08-13,21.291540145874023,T,,,,2022-04-10,0.0
955,T,2021-08-14,0.0,0.0,0.0,,,,,,,2022-04-10,0.0
956,T,2021-08-15,0.0,0.0,0.0,,,,,,,2022-04-10,0.0
957,T,2021-08-16,0.0,0.0,0.0,2021-08-16,21.29909324645996,T,,,,2022-04-10,0.0
958,T,2021-08-17,0.0,0.0,0.0,2021-08-17,21.291540145874023,T,,,,2022-04-10,0.0
959,T,2021-08-18,0.0,0.0,0.0,2021-08-18,21.019636154174805,T,,,,2022-04-10,0.0
960,T,2021-08-19,0.0,0.0,0.0,2021-08-19,20.79305076599121,T,,,,2022-04-10,0.0
961,T,2021-08-20,0.0,0.0,0.0,2021-08-20,20.82326316833496,T,,,,2022-04-10,0.0
962,T,2021-08-21,0.0,0.0,0.0,,,,,,,2022-04-10,0.0
963,T,2021-08-22,0.0,0.0,0.0,,,,,,,2022-04-10,0.0
964,T,2021-08-23,0.0,0.0,0.0,2021-08-23,20.785497665405273,T,,,,2022-04-10,0.0
965,T,2021-08-24,0.0,0.0,0.0,2021-08-24,20.732627868652344,T,,,,2022-04-10,0.0
966,T,2021-08-25,0.0,0.0,0.0,2021-08-25,20.7175235748291,T,,,,2022-04-10,0.0
967,T,2021-08-26,0.0,0.0,0.0,2021-08-26,20.407854080200195,T,,,,2022-04-10,0.0
968,T,2021-08-27,0.0,0.0,0.0,2021-08-27,20.490936279296875,T,,,,2022-04-10,0.0
969,T,2021-08-28,0.0,0.0,0.0,,,,,,,2022-04-10,0.0
970,T,2021-08-29,0.0,0.0,0.0,,,,,,,2022-04-10,0.0
971,T,2021-08-30,0.0,0.0,0.0,2021-08-30,20.566465377807617,T,,,,2022-04-10,0.0
972,T,2021-08-31,0.0,0.0,0.0,2021-08-31,20.709970474243164,T,,,,2022-04-10,0.0
973,T,2021-09-01,0.0,0.0,0.0,2021-09-01,20.5362548828125,T,,,,2022-04-10,0.0
974,T,2021-09-02,0.0,0.0,0.0,2021-09-02,20.87613296508789,T,,,,2022-04-10,0.0
975,T,2021-09-03,0.0,0.0,0.0,2021-09-03,20.815710067749023,T,,,,2022-04-10,0.0
976,T,2021-09-04,0.0,0.0,0.0,,,,,,,2022-04-10,0.0
977,T,2021-09-05,0.0,0.0,0.0,,,,,,,2022-04-10,0.0
978,T,2021-09-06,0.0,0.0,0.0,,,,,,,2022-04-10,0.0
979,T,2021-09-07,0.0,0.0,0.0,2021-09-07,20.709970474243164,T,,,,2022-04-10,0.0
980,T,2021-09-08,0.0,0.0,0.0,2021-09-08,20.84592056274414,T,,,,2022-04-10,0.0
981,T,2021-09-09,0.0,0.0,0.0,2021-09-09,20.709970474243164,T,,,,2022-04-10,0.0
982,T,2021-09-10,0.0,0.0,0.0,2021-09-10,20.528701782226562,T,,,,2022-04-10,0.0
983,T,2021-09-11,0.0,0.0,0.0,,,,,,,2022-04-10,0.0
984,T,2021-09-12,0.0,0.0,0.0,,,,,,,2022-04-10,0.0
985,T,2021-09-13,0.0,0.0,0.0,2021-09-13,20.785497665405273,T,,,,2022-04-10,0.0
986,T,2021-09-14,0.0,0.0,0.0,2021-09-14,20.64199447631836,T,,,,2022-04-10,0.0
987,T,2021-09-15,0.0,0.0,0.0,2021-09-15,20.82326316833496,T,,,,2022-04-10,0.0
988,T,2021-09-16,0.0,0.0,0.0,2021-09-16,20.84592056274414,T,,,,2022-04-10,0.0
989,T,2021-09-17,0.0,0.0,0.0,2021-09-17,20.79305076599121,T,,,,2022-04-10,0.0
990,T,2021-09-18,0.0,0.0,0.0,,,,,,,2022-04-10,0.0
991,T,2021-09-19,0.0,0.0,0.0,,,,,,,2022-04-10,0.0
992,T,2021-09-20,0.0,0.0,0.0,2021-09-20,20.551359176635742,T,,,,2022-04-10,0.0
993,T,2021-09-21,0.0,0.0,0.0,2021-09-21,20.362537384033203,T,,,,2022-04-10,0.0
994,T,2021-09-22,0.0,0.0,0.0,2021-09-22,20.40030288696289,T,,,,2022-04-10,0.0
995,T,2021-09-23,0.0,0.0,0.0,2021-09-23,20.5362548828125,T,,,,2022-04-10,0.0
996,T,2021-09-24,0.0,0.0,0.0,2021-09-24,20.490936279296875,T,,,,2022-04-10,0.0
997,T,2021-09-25,0.0,0.0,0.0,,,,,,,2022-04-10,0.0
998,T,2021-09-26,0.0,0.0,0.0,,,,,,,2022-04-10,0.0
999,T,2021-09-27,0.0,0.0,0.0,2021-09-27,20.69486427307129,T,,,,2022-04-10,0.0
1000,T,2021-09-28,0.0,0.0,0.0,2021-09-28,20.574018478393555,T,,,,2022-04-10,0.0
1001,T,2021-09-29,0.0,0.0,0.0,2021-09-29,20.69486427307129,T,,,,2022-04-10,0.0
1002,T,2021-09-30,0.0,0.0,0.0,2021-09-30,20.40030288696289,T,,,,2022-04-10,0.0
1003,T,2021-10-01,0.0,0.0,0.0,2021-10-01,20.513595581054688,T,,,,2022-04-10,0.0
1004,T,2021-10-02,0.0,0.0,0.0,,,,,,,2022-04-10,0.0
1005,T,2021-10-03,0.0,0.0,0.0,,,,,,,2022-04-10,0.0
1006,T,2021-10-04,0.0,0.0,0.0,2021-10-04,20.581571578979492,T,,,,2022-04-10,0.0
1007,T,2021-10-05,0.0,0.0,0.0,2021-10-05,20.657100677490234,T,,,,2022-04-10,0.0
1008,T,2021-10-06,0.0,0.0,0.0,2021-10-06,20.626888275146484,T,,,,2022-04-10,0.0
1009,T,2021-10-07,0.0,0.0,0.0,2021-10-07,20.460725784301758,T,,,,2022-04-10,0.0
1010,T,2021-10-08,0.0,0.0,0.0,2021-10-08,20.219032287597656,T,,,,2022-04-10,0.0
1011,T,2021-10-09,0.0,0.0,0.0,,,,,,,2022-04-10,0.0
1012,T,2021-10-10,0.0,0.0,0.0,,,,,,,2022-04-10,0.0
1013,T,2021-10-11,0.0,0.0,0.0,2021-10-11,19.66012191772461,T,,,,2022-04-10,0.0
1014,T,2021-10-12,0.0,0.0,0.0,2021-10-12,19.20694923400879,T,,,,2022-04-10,0.0
1015,T,2021-10-13,0.0,0.0,0.0,2021-10-13,19.108760833740234,T,,,,2022-04-10,0.0
1016,T,2021-10-14,0.0,0.0,0.0,2021-10-14,19.350452423095703,T,,,,2022-04-10,0.0
1017,T,2021-10-15,0.0,0.0,0.0,2021-10-15,19.41087532043457,T,,,,2022-04-10,0.0
1018,T,2021-10-16,0.0,0.0,0.0,,,,,,,2022-04-10,0.0
1019,T,2021-10-17,0.0,0.0,0.0,,,,,,,2022-04-10,0.0
1020,T,2021-10-18,0.0,0.0,0.0,2021-10-18,19.131420135498047,T,,,,2022-04-10,0.0
1021,T,2021-10-19,0.0,0.0,0.0,2021-10-19,19.327795028686523,T,,,,2022-04-10,0.0
1022,T,2021-10-20,0.0,0.0,0.0,2021-10-20,19.569486618041992,T,,,,2022-04-10,0.0
1023,T,2021-10-21,0.0,0.0,0.0,2021-10-21,19.456193923950195,T,,,,2022-04-10,0.0
1024,T,2021-10-22,0.0,0.0,0.0,2021-10-22,19.25226593017578,T,,,,2022-04-10,0.0
1025,T,2021-10-23,0.0,0.0,0.0,,,,,,,2022-04-10,0.0
1026,T,2021-10-24,0.0,0.0,0.0,,,,,,,2022-04-10,0.0
1027,T,2021-10-25,0.0,0.0,0.0,2021-10-25,19.365558624267578,T,,,,2022-04-10,0.0
1028,T,2021-10-26,0.0,0.0,0.0,2021-10-26,19.161630630493164,T,,,,2022-04-10,0.0
1029,T,2021-10-27,0.0,0.0,0.0,2021-10-27,18.927492141723633,T,,,,2022-04-10,0.0
1030,T,2021-10-28,0.0,0.0,0.0,2021-10-28,19.297582626342773,T,,,,2022-04-10,0.0
1031,T,2021-10-29,0.0,0.0,0.0,2021-10-29,19.078550338745117,T,,,,2022-04-10,0.0
1032,T,2021-10-30,0.0,0.0,0.0,,,,,,,2022-04-10,0.0
1033,T,2021-10-31,0.0,0.0,0.0,,,,,,,2022-04-10,0.0
1034,T,2021-11-01,0.0,0.0,0.0,2021-11-01,19.161630630493164,T,,,,2022-04-10,0.0
1035,T,2021-11-02,0.0,0.0,0.0,2021-11-02,19.055891036987305,T,,,,2022-04-10,0.0
1036,T,2021-11-03,0.0,0.0,0.0,2021-11-03,19.01812744140625,T,,,,2022-04-10,0.0
1037,T,2021-11-04,0.0,0.0,0.0,2021-11-04,18.731117248535156,T,,,,2022-04-10,0.0
1038,T,2021-11-05,0.0,0.0,0.0,2021-11-05,18.957704544067383,T,,,,2022-04-10,0.0
1039,T,2021-11-06,0.0,0.0,0.0,,,,,,,2022-04-10,0.0
1040,T,2021-11-07,0.0,0.0,0.0,,,,,,,2022-04-10,0.0
1041,T,2021-11-08,0.0,0.0,0.0,2021-11-08,18.791540145874023,T,,,,2022-04-10,0.0
1042,T,2021-11-09,0.0,0.0,0.0,2021-11-09,18.66314125061035,T,,,,2022-04-10,0.0
1043,T,2021-11-10,0.0,0.0,0.0,2021-11-10,18.844411849975586,T,,,,2022-04-10,0.0
1044,T,2021-11-11,0.0,0.0,0.0,2021-11-11,18.821752548217773,T,,,,2022-04-10,0.0
1045,T,2021-11-12,0.0,0.0,0.0,2021-11-12,18.83685874938965,T,,,,2022-04-10,0.0
1046,T,2021-11-13,0.0,0.0,0.0,,,,,,,2022-04-10,0.0
1047,T,2021-11-14,0.0,0.0,0.0,,,,,,,2022-04-10,0.0
1048,T,2021-11-15,0.0,0.0,0.0,2021-11-15,18.731117248535156,T,,,,2022-04-10,0.0
1049,T,2021-11-16,0.0,0.0,0.0,2021-11-16,18.625377655029297,T,,,,2022-04-10,0.0
1050,T,2021-11-17,0.0,0.0,0.0,2021-11-17,18.625377655029297,T,,,,2022-04-10,0.0
1051,T,2021-11-18,0.0,0.0,0.0,2021-11-18,18.421449661254883,T,,,,2022-04-10,0.0
1052,T,2021-11-19,0.0,0.0,0.0,2021-11-19,18.22507667541504,T,,,,2022-04-10,0.0
1053,T,2021-11-20,0.0,0.0,0.0,,,,,,,2022-04-10,0.0
1054,T,2021-11-21,0.0,0.0,0.0,,,,,,,2022-04-10,0.0
1055,T,2021-11-22,0.0,0.0,0.0,2021-11-22,18.655588150024414,T,,,,2022-04-10,0.0
1056,T,2021-11-23,0.0,0.0,0.0,2021-11-23,18.70090675354004,T,,,,2022-04-10,0.0
1057,T,2021-11-24,0.0,0.0,0.0,2021-11-24,18.48187255859375,T,,,,2022-04-10,0.0
1058,T,2021-11-25,0.0,0.0,0.0,,,,,,,2022-04-10,0.0
1059,T,2021-11-26,0.0,0.0,0.0,2021-11-26,18.29305076599121,T,,,,2022-04-10,0.0
1060,T,2021-11-27,0.0,0.0,0.0,,,,,,,2022-04-10,0.0
1061,T,2021-11-28,0.0,0.0,0.0,,,,,,,2022-04-10,0.0
1062,T,2021-11-29,0.0,0.0,0.0,2021-11-29,18.043806076049805,T,,,,2022-04-10,0.0
1063,T,2021-11-30,0.0,0.0,0.0,2021-11-30,17.243202209472656,T,,,,2022-04-10,0.0
1064,T,2021-12-01,0.0,0.0,0.0,2021-12-01,16.790029525756836,T,,,,2022-04-10,0.0
1065,T,2021-12-02,0.0,0.0,0.0,2021-12-02,17.409366607666016,T,,,,2022-04-10,0.0
1066,T,2021-12-03,0.0,0.0,0.0,2021-12-03,17.719032287597656,T,,,,2022-04-10,0.0
1067,T,2021-12-04,0.0,0.0,0.0,,,,,,,2022-04-10,0.0
1068,T,2021-12-05,0.0,0.0,0.0,,,,,,,2022-04-10,0.0
1069,T,2021-12-06,0.0,0.0,0.0,2021-12-06,17.58308219909668,T,,,,2022-04-10,0.0
1070,T,2021-12-07,0.0,0.0,0.0,2021-12-07,17.432024002075195,T,,,,2022-04-10,0.0
1071,T,2021-12-08,0.0,0.0,0.0,2021-12-08,17.5,T,,,,2022-04-10,0.0
1072,T,2021-12-09,0.0,0.0,0.0,2021-12-09,17.326284408569336,T,,,,2022-04-10,0.0
1073,T,2021-12-10,0.0,0.0,0.0,2021-12-10,17.250755310058594,T,,,,2022-04-10,0.0
1074,T,2021-12-11,0.0,0.0,0.0,,,,,,,2022-04-10,0.0
1075,T,2021-12-12,0.0,0.0,0.0,,,,,,,2022-04-10,0.0
1076,T,2021-12-13,0.0,0.0,0.0,2021-12-13,16.948640823364258,T,,,,2022-04-10,0.0
1077,T,2021-12-14,0.0,0.0,0.0,2021-12-14,16.835346221923828,T,,,,2022-04-10,0.0
1078,T,2021-12-15,0.0,0.0,0.0,2021-12-15,16.744712829589844,T,,,,2022-04-10,0.0
1079,T,2021-12-16,0.0,0.0,0.0,2021-12-16,17.907854080200195,T,,,,2022-04-10,0.0
1080,T,2021-12-17,0.0,0.0,0.0,2021-12-17,17.960725784301758,T,,,,2022-04-10,0.0
1081,T,2021-12-18,0.0,0.0,0.0,,,,,,,2022-04-10,0.0
1082,T,2021-12-19,0.0,0.0,0.0,,,,,,,2022-04-10,0.0
1083,T,2021-12-20,0.0,0.0,0.0,2021-12-20,18.27039337158203,T,,,,2022-04-10,0.0
1084,T,2021-12-21,0.0,0.0,0.0,2021-12-21,18.48187255859375,T,,,,2022-04-10,0.0
1085,T,2021-12-22,0.0,0.0,0.0,2021-12-22,18.71601104736328,T,,,,2022-04-10,0.0
1086,T,2021-12-23,0.0,0.0,0.0,2021-12-23,18.78398895263672,T,,,,2022-04-10,0.0
1087,T,2021-12-24,0.0,0.0,0.0,,,,,,,2022-04-10,0.0
1088,T,2021-12-25,0.0,0.0,0.0,,,,,,,2022-04-10,0.0
1089,T,2021-12-26,0.0,0.0,0.0,,,,,,,2022-04-10,0.0
1090,T,2021-12-27,0.0,0.0,0.0,2021-12-27,18.71601104736328,T,,,,2022-04-10,0.0
1091,T,2021-12-28,0.0,0.0,0.0,2021-12-28,18.74622344970703,T,,,,2022-04-10,0.0
1092,T,2021-12-29,0.0,0.0,0.0,2021-12-29,18.610271453857422,T,,,,2022-04-10,0.0
1093,T,2021-12-30,0.0,0.0,0.0,2021-12-30,18.71601104736328,T,,,,2022-04-10,0.0
1094,T,2021-12-31,0.0,0.0,0.0,2021-12-31,18.580059051513672,T,,,,2022-04-10,0.0
1095,T,2022-01-01,0.0,0.0,0.0,,,,,,,2022-04-10,0.0
1096,T,2022-01-02,0.0,0.0,0.0,,,,,,,2022-04-10,0.0
1097,T,2022-01-03,0.0,0.0,0.0,2022-01-03,19.20694923400879,T,,,,2022-04-10,0.0
1098,T,2022-01-04,0.0,0.0,0.0,2022-01-04,19.365558624267578,T,,,,2022-04-10,0.0
1099,T,2022-01-05,0.0,0.0,0.0,2022-01-05,19.79607391357422,T,,,,2022-04-10,0.0
1100,T,2022-01-06,0.0,0.0,0.0,2022-01-06,19.720544815063477,T,,,,2022-04-10,0.0
1101,T,2022-01-07,0.0,0.0,0.0,2022-01-07,19.856494903564453,T,,,,2022-04-10,0.0
1102,T,2022-01-08,0.0,0.0,0.0,,,,,,,2022-04-10,0.0
1103,T,2022-01-09,0.0,0.0,0.0,,,,,,,2022-04-10,0.0
1104,T,2022-01-10,0.0,0.0,0.0,2022-01-10,19.984893798828125,T,,,,2022-04-10,0.0
1105,T,2022-01-11,0.0,0.0,0.0,2022-01-11,19.89426040649414,T,,,,2022-04-10,0.0
1106,T,2022-01-12,0.0,0.0,0.0,2022-01-12,19.977340698242188,T,,,,2022-04-10,0.0
1107,T,2022-01-13,0.0,0.0,0.0,2022-01-13,20.24169158935547,T,,,,2022-04-10,0.0
1108,T,2022-01-14,0.0,0.0,0.0,2022-01-14,20.528701782226562,T,,,,2022-04-10,0.0
1109,T,2022-01-15,0.0,0.0,0.0,,,,,,,2022-04-10,0.0
1110,T,2022-01-16,0.0,0.0,0.0,,,,,,,2022-04-10,0.0
1111,T,2022-01-17,0.0,0.0,0.0,,,,,,,2022-04-10,0.0
1112,T,2022-01-18,0.0,0.0,0.0,2022-01-18,20.626888275146484,T,,,,2022-04-10,0.0
1113,T,2022-01-19,0.0,0.0,0.0,2022-01-19,20.604230880737305,T,,,,2022-04-10,0.0
1114,T,2022-01-20,0.0,0.0,0.0,2022-01-20,20.407854080200195,T,,,,2022-04-10,0.0
1115,T,2022-01-21,0.0,0.0,0.0,2022-01-21,20.098186492919922,T,,,,2022-04-10,0.0
1116,T,2022-01-22,0.0,0.0,0.0,,,,,,,2022-04-10,0.0
1117,T,2022-01-23,0.0,0.0,0.0,,,,,,,2022-04-10,0.0
1118,T,2022-01-24,0.0,0.0,0.0,2022-01-24,19.89426040649414,T,,,,2022-04-10,0.0
1119,T,2022-01-25,0.0,0.0,0.0,2022-01-25,20.0,T,,,,2022-04-10,0.0
1120,T,2022-01-26,0.0,0.0,0.0,2022-01-26,18.315710067749023,T,,,,2022-04-10,0.0
1121,T,2022-01-27,0.0,0.0,0.0,2022-01-27,18.2175235748291,T,,,,2022-04-10,0.0
1122,T,2022-01-28,0.0,0.0,0.0,2022-01-28,19.04078483581543,T,,,,2022-04-10,0.0
1123,T,2022-01-29,0.0,0.0,0.0,,,,,,,2022-04-10,0.0
1124,T,2022-01-30,0.0,0.0,0.0,,,,,,,2022-04-10,0.0
1125,T,2022-01-31,0.0,0.0,0.0,2022-01-31,19.25981903076172,T,,,,2022-04-10,0.0
1126,T,2022-02-01,0.0,0.0,0.0,2022-02-01,18.444108963012695,T,,,,2022-04-10,0.0
1127,T,2022-02-02,0.0,0.0,0.0,2022-02-02,18.53474235534668,T,,,,2022-04-10,0.0
1128,T,2022-02-03,0.0,0.0,0.0,2022-02-03,18.549848556518555,T,,,,2022-04-10,0.0
1129,T,2022-02-04,0.0,0.0,0.0,2022-02-04,18.18731117248535,T,,,,2022-04-10,0.0
1130,T,2022-02-05,0.0,0.0,0.0,,,,,,,2022-04-10,0.0
1131,T,2022-02-06,0.0,0.0,0.0,,,,,,,2022-04-10,0.0
1132,T,2022-02-07,0.0,0.0,0.0,2022-02-07,18.074018478393555,T,,,,2022-04-10,0.0
1133,T,2022-02-08,0.0,0.0,0.0,2022-02-08,18.081571578979492,T,,,,2022-04-10,0.0
1134,T,2022-02-09,0.0,0.0,0.0,2022-02-09,18.504531860351562,T,,,,2022-04-10,0.0
1135,T,2022-02-10,0.0,0.0,0.0,2022-02-10,18.315710067749023,T,,,,2022-04-10,0.0
1136,T,2022-02-11,0.0,0.0,0.0,2022-02-11,18.22507667541504,T,,,,2022-04-10,0.0
1137,T,2022-02-12,0.0,0.0,0.0,,,,,,,2022-04-10,0.0
1138,T,2022-02-13,0.0,0.0,0.0,,,,,,,2022-04-10,0.0
1139,T,2022-02-14,0.0,0.0,0.0,2022-02-14,18.164653778076172,T,,,,2022-04-10,0.0
1140,T,2022-02-15,0.0,0.0,0.0,2022-02-15,18.383686065673828,T,,,,2022-04-10,0.0
1141,T,2022-02-16,0.0,0.0,0.0,2022-02-16,18.081571578979492,T,,,,2022-04-10,0.0
1142,T,2022-02-17,0.0,0.0,0.0,2022-02-17,17.945619583129883,T,,,,2022-04-10,0.0
1143,T,2022-02-18,0.0,0.0,0.0,2022-02-18,18.028701782226562,T,,,,2022-04-10,0.0
1144,T,2022-02-19,0.0,0.0,0.0,,,,,,,2022-04-10,0.0
1145,T,2022-02-20,0.0,0.0,0.0,,,,,,,2022-04-10,0.0
1146,T,2022-02-21,0.0,0.0,0.0,,,,,,,2022-04-10,0.0
1147,T,2022-02-22,0.0,0.0,0.0,2022-02-22,17.938066482543945,T,,,,2022-04-10,0.0
1148,T,2022-02-23,0.0,0.0,0.0,2022-02-23,17.756797790527344,T,,,,2022-04-10,0.0
1149,T,2022-02-24,0.0,0.0,0.0,2022-02-24,17.545316696166992,T,,,,2022-04-10,0.0
1150,T,2022-02-25,0.0,0.0,0.0,2022-02-25,18.05891227722168,T,,,,2022-04-10,0.0
1151,T,2022-02-26,0.0,0.0,0.0,,,,,,,2022-04-10,0.0
1152,T,2022-02-27,0.0,0.0,0.0,,,,,,,2022-04-10,0.0
1153,T,2022-02-28,0.0,0.0,0.0,2022-02-28,17.892749786376953,T,,,,2022-04-10,0.0
1154,T,2022-03-01,0.0,0.0,0.0,2022-03-01,17.771902084350586,T,,,,2022-04-10,0.0
1155,T,2022-03-02,0.0,0.0,0.0,2022-03-02,17.990936279296875,T,,,,2022-04-10,0.0
1156,T,2022-03-03,0.0,0.0,0.0,2022-03-03,18.05891227722168,T,,,,2022-04-10,0.0
1157,T,2022-03-04,0.0,0.0,0.0,2022-03-04,18.028701782226562,T,,,,2022-04-10,0.0
1158,T,2022-03-05,0.0,0.0,0.0,,,,,,,2022-04-10,0.0
1159,T,2022-03-06,0.0,0.0,0.0,,,,,,,2022-04-10,0.0
1160,T,2022-03-07,0.0,0.0,0.0,2022-03-07,17.802114486694336,T,,,,2022-04-10,0.0
1161,T,2022-03-08,0.0,0.0,0.0,2022-03-08,17.371601104736328,T,,,,2022-04-10,0.0
1162,T,2022-03-09,0.0,0.0,0.0,2022-03-09,17.567975997924805,T,,,,2022-04-10,0.0
1163,T,2022-03-10,0.0,0.0,0.0,2022-03-10,17.515106201171875,T,,,,2022-04-10,0.0
1164,T,2022-03-11,0.0,0.0,0.0,2022-03-11,17.515106201171875,T,,,,2022-04-10,0.0
1165,T,2022-03-12,0.0,0.0,0.0,,,,,,,2022-04-10,0.0
1166,T,2022-03-13,0.0,0.0,0.0,,,,,,,2022-04-10,0.0
1167,T,2022-03-14,0.0,0.0,0.0,2022-03-14,17.28852081298828,T,,,,2022-04-10,0.0
1168,T,2022-03-15,0.0,0.0,0.0,2022-03-15,17.439577102661133,T,,,,2022-04-10,0.0
1169,T,2022-03-16,0.0,0.0,0.0,2022-03-16,17.515106201171875,T,,,,2022-04-10,0.0
1170,T,2022-03-17,0.0,0.0,0.0,2022-03-17,17.515106201171875,T,,,,2022-04-10,0.0
1171,T,2022-03-18,0.0,0.0,0.0,2022-03-18,17.537763595581055,T,,,,2022-04-10,0.0
1172,T,2022-03-19,0.0,0.0,0.0,,,,,,,2022-04-10,0.0
1173,T,2022-03-20,0.0,0.0,0.0,,,,,,,2022-04-10,0.0
1174,T,2022-03-21,0.0,0.0,0.0,2022-03-21,17.492446899414062,T,,,,2022-04-10,0.0
1175,T,2022-03-22,0.0,0.0,0.0,2022-03-22,17.530210494995117,T,,,,2022-04-10,0.0
1176,T,2022-03-23,0.0,0.0,0.0,2022-03-23,17.530210494995117,T,,,,2022-04-10,0.0
1177,T,2022-03-24,0.0,0.0,0.0,2022-03-24,17.620845794677734,T,,,,2022-04-10,0.0
1178,T,2022-03-25,0.0,0.0,0.0,2022-03-25,18.00604248046875,T,,,,2022-04-10,0.0
1179,T,2022-03-26,0.0,0.0,0.0,,,,,,,2022-04-10,0.0
1180,T,2022-03-27,0.0,0.0,0.0,,,,,,,2022-04-10,0.0
1181,T,2022-03-28,0.0,0.0,0.0,2022-03-28,18.028701782226562,T,,,,2022-04-10,0.0
1182,T,2022-03-29,0.0,0.0,0.0,2022-03-29,18.119335174560547,T,,,,2022-04-10,0.0
1183,T,2022-03-30,0.0,0.0,0.0,2022-03-30,18.232627868652344,T,,,,2022-04-10,0.0
1184,T,2022-03-31,0.0,0.0,0.0,2022-03-31,17.847431182861328,T,,,,2022-04-10,0.0
1185,T,2022-04-01,0.0,0.0,0.0,2022-04-01,18.11178207397461,T,,,,2022-04-10,0.0
1186,T,2022-04-02,0.0,0.0,0.0,,,,,,,2022-04-10,0.0
1187,T,2022-04-03,0.0,0.0,0.0,,,,,,,2022-04-10,0.0
1188,T,2022-04-04,0.0,0.0,0.0,2022-04-04,18.262840270996094,T,,,,2022-04-10,0.0
1189,T,2022-04-05,0.0,0.0,0.0,2022-04-05,18.043806076049805,T,,,,2022-04-10,0.0
1190,T,2022-04-06,0.0,0.0,0.0,2022-04-06,18.149547576904297,T,,,,2022-04-10,0.0
1191,T,2022-04-07,0.0,0.0,0.0,2022-04-07,17.92296028137207,T,,,,2022-04-10,0.0
1192,T,2022-04-08,0.0,0.0,0.0,2022-04-08,18.232627868652344,T,,,,2022-04-10,0.0
1193,T,2022-04-09,0.0,0.0,0.0,,,,,,,2022-04-10,0.0
1194,T,2022-04-10,0.0,0.0,0.0,,,,2022-04-10,1.324,T,2022-04-10,0.0
1195,T,2022-04-11,0.0,0.0,0.0,2022-04-11,19.6299991607666,T,,,,,
1196,T,2022-04-12,0.0,0.0,0.0,2022-04-12,19.559999465942383,T,,,,,
1197,T,2022-04-13,0.0,0.0,0.0,2022-04-13,19.420000076293945,T,,,,,
1198,T,2022-04-14,0.0,0.0,0.0,2022-04-14,19.540000915527344,T,,,,,
1199,T,2022-04-15,0.0,0.0,0.0,,,,,,,,
1200,T,2022-04-16,0.0,0.0,0.0,,,,,,,,
1201,T,2022-04-17,0.0,0.0,0.0,,,,,,,,
1202,T,2022-04-18,0.0,0.0,0.0,2022-04-18,19.459999084472656,T,,,,,
1203,T,2022-04-19,0.0,0.0,0.0,2022-04-19,19.489999771118164,T,,,,,
1204,T,2022-04-20,0.0,0.0,0.0,2022-04-20,19.43000030517578,T,,,,,
1205,T,2022-04-21,0.0,0.0,0.0,2022-04-21,20.209999084472656,T,,,,,
1206,T,2022-04-22,0.0,0.0,0.0,2022-04-22,19.520000457763672,T,,,,,
1207,T,2022-04-23,0.0,0.0,0.0,,,,,,,,
1208,T,2022-04-24,0.0,0.0,0.0,,,,,,,,
1209,T,2022-04-25,0.0,0.0,0.0,2022-04-25,19.510000228881836,T,,,,,
1210,T,2022-04-26,0.0,0.0,0.0,2022-04-26,19.299999237060547,T,,,,,
1211,T,2022-04-27,0.0,0.0,0.0,2022-04-27,19.06999969482422,T,,,,,
1212,T,2022-04-28,0.0,0.0,0.0,2022-04-28,19.420000076293945,T,,,,,
1213,T,2022-04-29,0.0,0.0,0.0,2022-04-29,18.860000610351562,T,,,,,
1214,T,2022-04-30,0.0,0.0,0.0,,,,,,,,
1215,T,2022-05-01,0.0,0.0,0.0,,,,,,,,
1216,T,2022-05-02,0.0,0.0,0.0,2022-05-02,19.1200008392334,T,,,,,
1217,T,2022-05-03,0.0,0.0,0.0,2022-05-03,19.329999923706055,T,,,,,
1218,T,2022-05-04,0.0,0.0,0.0,2022-05-04,19.950000762939453,T,,,,,
1219,T,2022-05-05,0.0,0.0,0.0,2022-05-05,19.950000762939453,T,,,,,
1220,T,2022-05-06,0.0,0.0,0.0,2022-05-06,20.030000686645508,T,,,,,
1221,T,2022-05-07,0.0,0.0,0.0,,,,,,,,
1222,T,2022-05-08,0.0,0.0,0.0,,,,,,,,
1223,T,2022-05-09,0.0,0.0,0.0,2022-05-09,19.549999237060547,T,,,,,
1224,T,2022-05-10,0.0,0.0,0.0,2022-05-10,19.360000610351562,T,,,,,
1225,T,2022-05-11,0.0,0.0,0.0,2022-05-11,19.43000030517578,T,,,,,
1226,T,2022-05-12,0.0,0.0,0.0,2022-05-12,19.719999313354492,T,,,,,
1227,T,2022-05-13,0.0,0.0,0.0,2022-05-13,19.84000015258789,T,,,,,
1228,T,2022-05-14,0.0,0.0,0.0,,,,,,,,
1229,T,2022-05-15,0.0,0.0,0.0,,,,,,,,
1230,T,2022-05-16,0.0,0.0,0.0,2022-05-16,20.280000686645508,T,,,,,
1231,T,2022-05-17,0.0,0.0,0.0,2022-05-17,20.56999969482422,T,,,,,
1232,T,2022-05-18,0.0,0.0,0.0,2022-05-18,20.229999542236328,T,,,,,
1233,T,2022-05-19,0.0,0.0,0.0,2022-05-19,20.209999084472656,T,,,,,
1234,T,2022-05-20,0.0,0.0,0.0,2022-05-20,20.399999618530273,T,,,,,
1235,T,2022-05-21,0.0,0.0,0.0,,,,,,,,
1236,T,2022-05-22,0.0,0.0,0.0,,,,,,,,
1237,T,2022-05-23,0.0,0.0,0.0,2022-05-23,20.739999771118164,T,,,,,
1238,T,2022-05-24,0.0,0.0,0.0,2022-05-24,21.15999984741211,T,,,,,
1239,T,2022-05-25,0.0,0.0,0.0,2022-05-25,21.299999237060547,T,,,,,
1240,T,2022-05-26,0.0,0.0,0.0,2022-05-26,21.31999969482422,T,,,,,
1241,T,2022-05-27,0.0,0.0,0.0,2022-05-27,21.290000915527344,T,,,,,
1242,T,2022-05-28,0.0,0.0,0.0,,,,,,,,
1243,T,2022-05-29,0.0,0.0,0.0,,,,,,,,
1244,T,2022-05-30,0.0,0.0,0.0,,,,,,,,
1245,T,2022-05-31,0.0,0.0,0.0,2022-05-31,21.290000915527344,T,,,,,
1246,T,2022-06-01,0.0,0.0,0.0,2022-06-01,21.219999313354492,T,,,,,
1247,T,2022-06-02,0.0,0.0,0.0,2022-06-02,21.190000534057617,T,,,,,
1248,T,2022-06-03,0.0,0.0,0.0,2022-06-03,20.899999618530273,T,,,,,
1249,T,2022-06-04,0.0,0.0,0.0,,,,,,,,
1250,T,2022-06-05,0.0,0.0,0.0,,,,,,,,
1251,T,2022-06-06,0.0,0.0,0.0,2022-06-06,20.940000534057617,T,,,,,
1252,T,2022-06-07,0.0,0.0,0.0,2022-06-07,21.139999389648438,T,,,,,
1253,T,2022-06-08,0.0,0.0,0.0,2022-06-08,21.049999237060547,T,,,,,
1254,T,2022-06-09,0.0,0.0,0.0,2022-06-09,20.8799991607666,T,,,,,
1255,T,2022-06-10,0.0,0.0,0.0,2022-06-10,20.690000534057617,T,,,,,
1256,T,2022-06-11,0.0,0.0,0.0,,,,,,,,
1257,T,2022-06-12,0.0,0.0,0.0,,,,,,,,
1258,T,2022-06-13,0.0,0.0,0.0,2022-06-13,19.760000228881836,T,,,,,
1259,T,2022-06-14,0.0,0.0,0.0,2022-06-14,19.450000762939453,T,,,,,
1260,T,2022-06-15,122.0,18.23,2224.06,2022-06-15,19.440000534057617,T,,,,,
1261,T,2022-06-15,0.0,0.0,0.0,2022-06-15,19.440000534057617,T,,,,,
1262,T,2022-06-16,0.0,0.0,0.0,2022-06-16,18.959999084472656,T,,,,,
1263,T,2022-06-17,0.0,0.0,0.0,2022-06-17,19.3799991607666,T,,,,,
1264,T,2022-06-18,0.0,0.0,0.0,,,,,,,,
1265,T,2022-06-19,0.0,0.0,0.0,,,,,,,,
1266,T,2022-06-20,0.0,0.0,0.0,,,,,,,,
1267,T,2022-06-21,0.0,0.0,0.0,2022-06-21,19.959999084472656,T,,,,,
1268,T,2022-06-22,0.0,0.0,0.0,2022-06-22,20.31999969482422,T,,,,,
1269,T,2022-06-23,0.0,0.0,0.0,2022-06-23,20.610000610351562,T,,,,,
1270,T,2022-06-24,0.0,0.0,0.0,2022-06-24,20.989999771118164,T,,,,,
1271,T,2022-06-25,0.0,0.0,0.0,,,,,,,,
1272,T,2022-06-26,0.0,0.0,0.0,,,,,,,,
1273,T,2022-06-27,0.0,0.0,0.0,2022-06-27,20.780000686645508,T,,,,,
1274,T,2022-06-28,0.0,0.0,0.0,2022-06-28,20.610000610351562,T,,,,,
1275,T,2022-06-29,0.0,0.0,0.0,2022-06-29,20.950000762939453,T,,,,,
1276,T,2022-06-30,0.0,0.0,0.0,2022-06-30,20.959999084472656,T,,,,,
1277,T,2022-07-01,0.0,0.0,0.0,2022-07-01,21.309999465942383,T,,,,,
1278,T,2022-07-02,0.0,0.0,0.0,,,,,,,,
1279,T,2022-07-03,0.0,0.0,0.0,,,,,,,,
1280,T,2022-07-04,0.0,0.0,0.0,,,,,,,,
1281,T,2022-07-05,0.0,0.0,0.0,2022-07-05,21.170000076293945,T,,,,,
1282,T,2022-07-06,0.0,0.0,0.0,2022-07-06,21.09000015258789,T,,,,,
1283,T,2022-07-07,0.0,0.0,0.0,2022-07-07,21.149999618530273,T,,,,,
1284,T,2022-07-08,0.0,0.0,0.0,2022-07-08,20.799999237060547,T,,,,,
1285,T,2022-07-09,0.0,0.0,0.0,,,,,,,,
1286,T,2022-07-10,0.0,0.0,0.0,,,,,,,,
1287,T,2022-07-11,0.0,0.0,0.0,2022-07-11,20.65999984741211,T,,,,,
1288,T,2022-07-12,0.0,0.0,0.0,2022-07-12,20.600000381469727,T,,,,,
1289,T,2022-07-13,0.0,0.0,0.0,2022-07-13,20.450000762939453,T,,,,,
1290,T,2022-07-14,0.0,0.0,0.0,2022-07-14,20.329999923706055,T,,,,,
1291,T,2022-07-15,0.0,0.0,0.0,2022-07-15,20.56999969482422,T,,,,,
1292,T,2022-07-16,0.0,0.0,0.0,,,,,,,,
1293,T,2022-07-17,0.0,0.0,0.0,,,,,,,,
1294,T,2022-07-18,0.0,0.0,0.0,2022-07-18,20.530000686645508,T,,,,,
1295,T,2022-07-19,0.0,0.0,0.0,2022-07-19,20.799999237060547,T,,,,,
1296,T,2022-07-20,0.0,0.0,0.0,2022-07-20,20.479999542236328,T,,,,,
1297,T,2022-07-21,0.0,0.0,0.0,2022-07-21,18.920000076293945,T,,,,,
1298,T,2022-07-22,0.0,0.0,0.0,2022-07-22,18.399999618530273,T,,,,,
1299,T,2022-07-23,0.0,0.0,0.0,,,,,,,,
1300,T,2022-07-24,0.0,0.0,0.0,,,,,,,,
1301,T,2022-07-25,0.0,0.0,0.0,2022-07-25,18.530000686645508,T,,,,,
1302,T,2022-07-26,0.0,0.0,0.0,2022-07-26,18.299999237060547,T,,,,,
1303,T,2022-07-27,0.0,0.0,0.0,2022-07-27,18.389999389648438,T,,,,,
1304,T,2022-07-28,0.0,0.0,0.0,2022-07-28,18.579999923706055,T,,,,,
1305,T,2022-07-29,0.0,0.0,0.0,2022-07-29,18.780000686645508,T,,,,,
1306,T,2022-07-30,0.0,0.0,0.0,,,,,,,,
1307,T,2022-07-31,0.0,0.0,0.0,,,,,,,,
1308,T,2022-08-01,0.0,0.0,0.0,2022-08-01,18.729999542236328,T,,,,,
1309,T,2022-08-02,0.0,0.0,0.0,2022-08-02,18.360000610351562,T,,,,,
1310,T,2022-08-03,0.0,0.0,0.0,2022-08-03,18.3700008392334,T,,,,,
1311,T,2022-08-04,0.0,0.0,0.0,2022-08-04,18.270000457763672,T,,,,,
1312,T,2022-08-05,0.0,0.0,0.0,2022-08-05,18.350000381469727,T,,,,,
1313,T,2022-08-06,0.0,0.0,0.0,,,,,,,,
1314,T,2022-08-07,0.0,0.0,0.0,,,,,,,,
1315,T,2022-08-08,0.0,0.0,0.0,2022-08-08,18.0,T,,,,,
1316,T,2022-08-09,0.0,0.0,0.0,2022-08-09,18.100000381469727,T,,,,,
1317,T,2022-08-10,0.0,0.0,0.0,2022-08-10,18.010000228881836,T,,,,,
1318,T,2022-08-11,0.0,0.0,0.0,2022-08-11,18.040000915527344,T,,,,,
1319,T,2022-08-12,0.0,0.0,0.0,2022-08-12,18.270000457763672,T,,,,,
1320,T,2022-08-13,0.0,0.0,0.0,,,,,,,,
1321,T,2022-08-14,0.0,0.0,0.0,,,,,,,,
1322,T,2022-08-15,0.0,0.0,0.0,2022-08-15,18.389999389648438,T,,,,,
1323,T,2022-08-16,0.0,0.0,0.0,2022-08-16,18.56999969482422,T,,,,,
1324,T,2022-08-17,0.0,0.0,0.0,2022-08-17,18.420000076293945,T,,,,,
1325,T,2022-08-18,0.0,0.0,0.0,2022-08-18,18.43000030517578,T,,,,,
1326,T,2022-08-19,0.0,0.0,0.0,2022-08-19,18.43000030517578,T,,,,,
1327,T,2022-08-20,0.0,0.0,0.0,,,,,,,,
1328,T,2022-08-21,0.0,0.0,0.0,,,,,,,,
1329,T,2022-08-22,0.0,0.0,0.0,2022-08-22,18.1299991607666,T,,,,,
1330,T,2022-08-23,0.0,0.0,0.0,2022-08-23,18.059999465942383,T,,,,,
1331,T,2022-08-24,0.0,0.0,0.0,2022-08-24,18.010000228881836,T,,,,,
1332,T,2022-08-25,0.0,0.0,0.0,2022-08-25,18.09000015258789,T,,,,,
1333,T,2022-08-26,0.0,0.0,0.0,2022-08-26,17.889999389648438,T,,,,,
1334,T,2022-08-27,0.0,0.0,0.0,,,,,,,,
1335,T,2022-08-28,0.0,0.0,0.0,,,,,,,,
1336,T,2022-08-29,0.0,0.0,0.0,2022-08-29,17.780000686645508,T,,,,,
1337,T,2022-08-30,0.0,0.0,0.0,2022-08-30,17.81999969482422,T,,,,,
1338,T,2022-08-31,0.0,0.0,0.0,2022-08-31,17.540000915527344,T,,,,,
1339,T,2022-09-01,0.0,0.0,0.0,2022-09-01,17.5,T,,,,,
1340,T,2022-09-02,0.0,0.0,0.0,2022-09-02,17.190000534057617,T,,,,,
1341,T,2022-09-03,0.0,0.0,0.0,,,,,,,,
1342,T,2022-09-04,0.0,0.0,0.0,,,,,,,,
1343,T,2022-09-05,0.0,0.0,0.0,,,,,,,,
1344,T,2022-09-06,0.0,0.0,0.0,2022-09-06,16.790000915527344,T,,,,,
1345,T,2022-09-07,0.0,0.0,0.0,2022-09-07,16.8700008392334,T,,,,,
1346,T,2022-09-08,0.0,0.0,0.0,2022-09-08,16.770000457763672,T,,,,,
1347,T,2022-09-09,0.0,0.0,0.0,2022-09-09,17.030000686645508,T,,,,,
1348,T,2022-09-10,0.0,0.0,0.0,,,,,,,,
1349,T,2022-09-11,0.0,0.0,0.0,,,,,,,,
1350,T,2022-09-12,0.0,0.0,0.0,2022-09-12,17.3799991607666,T,,,,,
1351,T,2022-09-13,0.0,0.0,0.0,2022-09-13,16.829999923706055,T,,,,,
1352,T,2022-09-14,0.0,0.0,0.0,2022-09-14,16.770000457763672,T,,,,,
1353,T,2022-09-15,0.0,0.0,0.0,2022-09-15,16.760000228881836,T,,,,,
1354,T,2022-09-16,0.0,0.0,0.0,2022-09-16,16.739999771118164,T,,,,,
1355,T,2022-09-17,0.0,0.0,0.0,,,,,,,,
1356,T,2022-09-18,0.0,0.0,0.0,,,,,,,,
1357,T,2022-09-19,0.0,0.0,0.0,2022-09-19,16.760000228881836,T,,,,,
1358,T,2022-09-20,0.0,0.0,0.0,2022-09-20,16.559999465942383,T,,,,,
1359,T,2022-09-21,0.0,0.0,0.0,2022-09-21,16.25,T,,,,,
1360,T,2022-09-22,0.0,0.0,0.0,2022-09-22,16.239999771118164,T,,,,,
1361,T,2022-09-23,0.0,0.0,0.0,2022-09-23,16.010000228881836,T,,,,,
1362,T,2022-09-24,0.0,0.0,0.0,,,,,,,,
1363,T,2022-09-25,0.0,0.0,0.0,,,,,,,,
1364,T,2022-09-26,0.0,0.0,0.0,2022-09-26,15.670000076293945,T,,,,,
1365,T,2022-09-27,0.0,0.0,0.0,2022-09-27,15.729999542236328,T,,,,,
1366,T,2022-09-28,0.0,0.0,0.0,2022-09-28,15.829999923706055,T,,,,,
1367,T,2022-09-29,0.0,0.0,0.0,2022-09-29,15.529999732971191,T,,,,,
1368,T,2022-09-30,0.0,0.0,0.0,2022-09-30,15.34000015258789,T,,,,,
1369,T,2022-10-01,0.0,0.0,0.0,,,,,,,,
1370,T,2022-10-02,0.0,0.0,0.0,,,,,,,,
1371,T,2022-10-03,0.0,0.0,0.0,2022-10-03,15.899999618530273,T,,,,,
1372,T,2022-10-04,0.0,0.0,0.0,2022-10-04,16.09000015258789,T,,,,,
1373,T,2022-10-05,0.0,0.0,0.0,2022-10-05,15.930000305175781,T,,,,,
1374,T,2022-10-06,0.0,0.0,0.0,2022-10-06,15.319999694824219,T,,,,,
1375,T,2022-10-07,0.0,0.0,0.0,2022-10-07,14.9399995803833,T,,,,,
1376,T,2022-10-08,0.0,0.0,0.0,,,,,,,,
1377,T,2022-10-09,0.0,0.0,0.0,,,,,,,,
1378,T,2022-10-10,0.0,0.0,0.0,2022-10-10,14.899999618530273,T,,,,,
1379,T,2022-10-11,0.0,0.0,0.0,2022-10-11,14.8100004196167,T,,,,,
1380,T,2022-10-12,0.0,0.0,0.0,2022-10-12,14.630000114440918,T,,,,,
1381,T,2022-10-13,0.0,0.0,0.0,2022-10-13,15.119999885559082,T,,,,,
1382,T,2022-10-14,0.0,0.0,0.0,2022-10-14,14.989999771118164,T,,,,,
1383,T,2022-10-15,0.0,0.0,0.0,,,,,,,,
1384,T,2022-10-16,0.0,0.0,0.0,,,,,,,,
1385,T,2022-10-17,0.0,0.0,0.0,2022-10-17,15.3100004196167,T,,,,,
1386,T,2022-10-18,0.0,0.0,0.0,2022-10-18,15.600000381469727,T,,,,,
1387,T,2022-10-19,0.0,0.0,0.0,2022-10-19,15.539999961853027,T,,,,,
1388,T,2022-10-20,0.0,0.0,0.0,2022-10-20,16.739999771118164,T,,,,,
1389,T,2022-10-21,0.0,0.0,0.0,2022-10-21,17.100000381469727,T,,,,,
1390,T,2022-10-22,0.0,0.0,0.0,,,,,,,,
1391,T,2022-10-23,0.0,0.0,0.0,,,,,,,,
1392,T,2022-10-24,0.0,0.0,0.0,2022-10-24,17.510000228881836,T,,,,,
1393,T,2022-10-25,0.0,0.0,0.0,2022-10-25,17.690000534057617,T,,,,,
1394,T,2022-10-26,0.0,0.0,0.0,2022-10-26,18.139999389648438,T,,,,,
1395,T,2022-10-27,0.0,0.0,0.0,2022-10-27,18.030000686645508,T,,,,,
1396,T,2022-10-28,0.0,0.0,0.0,2022-10-28,18.479999542236328,T,,,,,
1397,T,2022-10-29,0.0,0.0,0.0,,,,,,,,
1398,T,2022-10-30,0.0,0.0,0.0,,,,,,,,
1399,T,2022-10-31,0.0,0.0,0.0,2022-10-31,18.229999542236328,T,,,,,
1400,T,2022-11-01,0.0,0.0,0.0,2022-11-01,18.350000381469727,T,,,,,
1401,T,2022-11-02,0.0,0.0,0.0,2022-11-02,18.43000030517578,T,,,,,
1402,T,2022-11-03,0.0,0.0,0.0,2022-11-03,18.170000076293945,T,,,,,
1403,T,2022-11-04,0.0,0.0,0.0,2022-11-04,18.31999969482422,T,,,,,
1404,T,2022-11-05,0.0,0.0,0.0,,,,,,,,
1405,T,2022-11-06,0.0,0.0,0.0,,,,,,,,
1406,T,2022-11-07,0.0,0.0,0.0,2022-11-07,18.360000610351562,T,,,,,
1407,T,2022-11-08,0.0,0.0,0.0,2022-11-08,18.56999969482422,T,,,,,
1408,T,2022-11-09,0.0,0.0,0.0,2022-11-09,18.3799991607666,T,,,,,
1409,T,2022-11-10,0.0,0.0,0.0,2022-11-10,18.84000015258789,T,,,,,
1410,T,2022-11-11,0.0,0.0,0.0,2022-11-11,19.049999237060547,T,,,,,
1411,T,2022-11-12,0.0,0.0,0.0,,,,,,,,
1412,T,2022-11-13,0.0,0.0,0.0,,,,,,,,
1413,T,2022-11-14,0.0,0.0,0.0,2022-11-14,19.059999465942383,T,,,,,
1414,T,2022-11-15,0.0,0.0,0.0,2022-11-15,19.020000457763672,T,,,,,
1415,T,2022-11-16,0.0,0.0,0.0,2022-11-16,18.93000030517578,T,,,,,
1416,T,2022-11-17,0.0,0.0,0.0,2022-11-17,18.950000762939453,T,,,,,
1417,T,2022-11-18,0.0,0.0,0.0,2022-11-18,18.969999313354492,T,,,,,
1418,T,2022-11-19,0.0,0.0,0.0,,,,,,,,
1419,T,2022-11-20,0.0,0.0,0.0,,,,,,,,
1420,T,2022-11-21,0.0,0.0,0.0,2022-11-21,18.84000015258789,T,,,,,
1421,T,2022-11-22,0.0,0.0,0.0,2022-11-22,19.0,T,,,,,
1422,T,2022-11-23,0.0,0.0,0.0,2022-11-23,19.09000015258789,T,,,,,
1423,T,2022-11-24,0.0,0.0,0.0,,,,,,,,
1424,T,2022-11-25,0.0,0.0,0.0,2022-11-25,19.1200008392334,T,,,,,
1425,T,2022-11-26,0.0,0.0,0.0,,,,,,,,
1426,T,2022-11-27,0.0,0.0,0.0,,,,,,,,
1427,T,2022-11-28,0.0,0.0,0.0,2022-11-28,18.81999969482422,T,,,,,
1428,T,2022-11-29,0.0,0.0,0.0,2022-11-29,19.010000228881836,T,,,,,
1429,T,2022-11-30,0.0,0.0,0.0,2022-11-30,19.280000686645508,T,,,,,
1430,T,2022-12-01,0.0,0.0,0.0,2022-12-01,19.190000534057617,T,,,,,
1431,T,2022-12-02,0.0,0.0,0.0,2022-12-02,19.020000457763672,T,,,,,
1432,T,2022-12-03,0.0,0.0,0.0,,,,,,,,
1433,T,2022-12-04,0.0,0.0,0.0,,,,,,,,
1434,T,2022-12-05,0.0,0.0,0.0,2022-12-05,18.75,T,,,,,
1435,T,2022-12-06,0.0,0.0,0.0,2022-12-06,19.170000076293945,T,,,,,
1436,T,2022-12-07,0.0,0.0,0.0,2022-12-07,19.299999237060547,T,,,,,
1437,T,2022-12-08,0.0,0.0,0.0,2022-12-08,19.059999465942383,T,,,,,
1438,T,2022-12-09,0.0,0.0,0.0,,,,,,,,
1439,T,2022-12-10,0.0,0.0,0.0,,,,,,,,
1440,T,2022-12-11,0.0,0.0,0.0,,,,,,,,
1441,T,2022-12-12,0.0,0.0,0.0,,,,,,,,
1442,T,2022-12-13,0.0,0.0,0.0,,,,,,,,
1443,T,2022-12-14,0.0,0.0,0.0,,,,,,,,
1444,T,2022-12-15,0.0,0.0,0.0,,,,,,,,
1445,T,2022-12-16,0.0,0.0,0.0,,,,,,,,
1446,T,2022-12-17,0.0,0.0,0.0,,,,,,,,
1447,T,2022-12-18,0.0,0.0,0.0,,,,,,,,
1448,T,2022-12-19,0.0,0.0,0.0,,,,,,,,
1449,T,2022-12-20,0.0,0.0,0.0,,,,,,,,
1450,T,2022-12-21,0.0,0.0,0.0,,,,,,,,
1451,T,2022-12-22,0.0,0.0,0.0,,,,,,,,
1452,T,2022-12-23,0.0,0.0,0.0,,,,,,,,
1453,T,2022-12-24,0.0,0.0,0.0,,,,,,,,
1454,T,2022-12-25,0.0,0.0,0.0,,,,,,,,
1455,T,2022-12-26,0.0,0.0,0.0,,,,,,,,
1456,T,2022-12-27,0.0,0.0,0.0,,,,,,,,
1457,T,2022-12-28,0.0,0.0,0.0,,,,,,,,
1458,T,2022-12-29,0.0,0.0,0.0,,,,,,,,
1459,T,2022-12-30,0.0,0.0,0.0,,,,,,,,
